<PAMDataset>
  <PAMRasterBand band="1">
    <Description>nir</Description>
    <Histograms>
      <HistItem>
        <HistMin>0.3149466216564178</HistMin>
        <HistMax>0.8121659159660339</HistMax>
        <BucketCount>256</BucketCount>
        <IncludeOutOfRange>1</IncludeOutOfRange>
        <Approximate>0</Approximate>
        <HistCounts>2|0|0|1|1|1|0|0|0|0|0|1|0|1|1|2|1|0|2|0|1|4|0|2|3|1|1|2|2|1|2|0|1|1|5|5|0|2|1|3|2|1|3|3|2|1|4|2|1|3|4|9|7|4|6|2|5|5|5|11|8|9|7|7|8|9|2|6|7|2|6|3|6|6|6|4|7|5|3|3|8|11|0|6|4|1|0|6|7|4|4|7|10|0|9|1|4|8|5|10|2|2|4|5|8|6|3|11|6|7|6|11|9|6|5|6|7|6|10|8|9|9|5|13|13|5|15|8|14|10|14|14|19|12|9|22|19|27|24|24|21|22|22|35|30|39|27|28|32|40|30|31|42|36|42|51|45|38|45|40|45|43|40|56|55|52|46|58|66|59|50|52|50|47|53|47|51|57|65|53|65|49|58|68|64|54|68|63|71|62|61|72|63|80|62|76|75|53|69|75|49|60|65|69|64|62|60|78|59|56|77|59|68|67|55|57|58|48|48|43|61|50|42|53|43|40|53|41|46|42|39|31|35|33|31|29|28|17|25|20|10|16|11|12|5|7|5|3|0|2|0|1|0|0|0|1</HistCounts>
      </HistItem>
    </Histograms>
    <Metadata>
      <MDI key="STATISTICS_COUNT">5845.000000</MDI>
      <MDI key="STATISTICS_EXCLUDEDVALUES"></MDI>
      <MDI key="STATISTICS_MAXIMUM">0.81216591596603</MDI>
      <MDI key="STATISTICS_MEAN">0.66380132566771</MDI>
      <MDI key="STATISTICS_MEDIAN">nan</MDI>
      <MDI key="STATISTICS_MINIMUM">0.31494662165642</MDI>
      <MDI key="STATISTICS_SKIPFACTORX">1</MDI>
      <MDI key="STATISTICS_SKIPFACTORY">1</MDI>
      <MDI key="STATISTICS_STDDEV">0.080950076030655</MDI>
    </Metadata>
  </PAMRasterBand>
</PAMDataset>
