<PAMDataset>
  <PAMRasterBand band="1">
    <Description>nir</Description>
    <Histograms>
      <HistItem>
        <HistMin>0.2596538066864014</HistMin>
        <HistMax>0.6161113977432251</HistMax>
        <BucketCount>256</BucketCount>
        <IncludeOutOfRange>1</IncludeOutOfRange>
        <Approximate>0</Approximate>
        <HistCounts>2|0|0|0|0|0|1|0|0|0|1|0|1|1|0|1|1|0|1|0|2|0|2|0|1|1|2|1|0|3|1|2|2|1|1|5|8|1|2|4|3|1|7|3|2|3|10|4|4|11|8|6|10|7|15|9|9|14|8|11|13|7|15|9|11|14|18|16|21|21|22|14|32|18|17|28|24|25|15|24|34|33|30|39|40|39|46|47|37|39|42|37|39|45|49|60|38|47|56|34|44|56|39|43|59|56|49|51|62|55|58|50|59|65|58|51|59|52|64|42|51|59|69|57|57|60|50|62|65|55|39|57|51|72|49|53|44|49|59|60|44|50|45|67|52|55|55|33|44|47|44|50|36|40|45|45|47|33|45|38|35|35|39|43|31|38|32|30|30|30|34|25|29|47|32|23|38|34|30|13|28|21|20|22|21|23|23|18|21|14|28|24|7|18|20|20|11|11|22|15|17|14|16|13|13|12|12|10|12|14|8|8|9|6|4|11|7|6|12|6|10|2|5|10|7|6|6|9|3|8|7|6|4|0|2|0|2|3|4|1|2|1|0|1|0|0|0|0|1|0|2|0|1|0|2|2</HistCounts>
      </HistItem>
    </Histograms>
    <Metadata>
      <MDI key="STATISTICS_COUNT">5845.000000</MDI>
      <MDI key="STATISTICS_EXCLUDEDVALUES"></MDI>
      <MDI key="STATISTICS_MAXIMUM">0.61611139774323</MDI>
      <MDI key="STATISTICS_MEAN">0.44112291982074</MDI>
      <MDI key="STATISTICS_MEDIAN">nan</MDI>
      <MDI key="STATISTICS_MINIMUM">0.2596538066864</MDI>
      <MDI key="STATISTICS_SKIPFACTORX">1</MDI>
      <MDI key="STATISTICS_SKIPFACTORY">1</MDI>
      <MDI key="STATISTICS_STDDEV">0.056468838347613</MDI>
    </Metadata>
  </PAMRasterBand>
</PAMDataset>
