<PAMDataset>
  <PAMRasterBand band="1">
    <Description>nir</Description>
    <Histograms>
      <HistItem>
        <HistMin>0.2066787034273148</HistMin>
        <HistMax>0.4559574127197266</HistMax>
        <BucketCount>256</BucketCount>
        <IncludeOutOfRange>1</IncludeOutOfRange>
        <Approximate>0</Approximate>
        <HistCounts>1|0|0|0|0|0|0|0|0|0|0|0|0|0|1|0|0|0|0|0|0|0|0|0|1|1|0|0|0|1|1|1|1|0|1|0|0|0|3|0|1|2|1|1|4|3|1|1|1|5|2|1|4|6|3|2|5|4|2|4|3|6|5|3|3|5|8|6|2|14|11|5|8|6|8|9|5|7|4|7|4|10|11|12|7|20|12|10|17|23|15|13|11|23|15|23|18|29|28|21|25|25|21|30|35|19|33|26|37|34|27|31|44|35|43|41|45|44|50|58|41|47|61|54|72|64|59|58|56|60|60|65|78|71|57|66|66|66|69|67|78|70|67|62|84|80|77|76|75|73|65|73|49|74|75|77|60|69|61|71|78|56|53|50|63|45|56|62|58|54|48|45|48|57|32|49|50|39|44|41|47|34|43|33|35|39|34|39|24|30|24|23|31|27|26|33|17|24|22|19|29|17|23|15|24|15|13|9|6|18|9|14|14|7|9|5|8|5|6|9|5|2|2|2|4|5|3|1|9|3|3|0|2|4|3|5|3|3|4|4|2|2|1|2|5|0|1|2|3|0|1|2|0|1|0|1</HistCounts>
      </HistItem>
    </Histograms>
    <Metadata>
      <MDI key="STATISTICS_COUNT">5845.000000</MDI>
      <MDI key="STATISTICS_EXCLUDEDVALUES"></MDI>
      <MDI key="STATISTICS_MAXIMUM">0.45595741271973</MDI>
      <MDI key="STATISTICS_MEAN">0.34917864495613</MDI>
      <MDI key="STATISTICS_MEDIAN">nan</MDI>
      <MDI key="STATISTICS_MINIMUM">0.20667870342731</MDI>
      <MDI key="STATISTICS_SKIPFACTORX">1</MDI>
      <MDI key="STATISTICS_SKIPFACTORY">1</MDI>
      <MDI key="STATISTICS_STDDEV">0.033649818529967</MDI>
    </Metadata>
  </PAMRasterBand>
</PAMDataset>
