<PAMDataset>
  <PAMRasterBand band="1">
    <Description>nir</Description>
    <Histograms>
      <HistItem>
        <HistMin>0.3009029030799866</HistMin>
        <HistMax>0.799491286277771</HistMax>
        <BucketCount>256</BucketCount>
        <IncludeOutOfRange>1</IncludeOutOfRange>
        <Approximate>0</Approximate>
        <HistCounts>1|0|1|0|0|2|0|0|0|0|0|0|2|0|1|0|0|0|2|1|0|0|1|1|1|0|0|2|2|1|2|2|1|6|2|0|3|1|0|2|3|2|3|2|0|2|3|3|3|2|3|2|3|6|3|1|6|1|1|2|2|2|8|7|3|6|8|6|4|6|5|6|6|8|8|10|12|4|6|12|3|5|2|8|3|3|13|8|8|7|8|14|6|4|9|13|9|6|14|13|6|12|12|15|20|13|14|14|16|16|11|23|11|16|15|13|15|14|18|26|23|24|24|22|31|36|34|27|28|35|27|32|31|34|35|25|34|24|37|22|38|33|37|56|35|36|40|33|35|38|45|55|44|41|40|55|45|43|48|56|44|54|52|54|60|74|35|55|60|47|57|67|59|50|47|56|54|57|64|55|48|65|59|46|60|84|61|63|62|62|39|43|59|73|62|54|55|46|50|56|49|48|55|38|53|41|44|49|35|46|54|54|51|52|43|49|49|44|46|43|43|44|34|41|37|25|30|32|12|30|26|18|26|28|21|11|13|10|9|9|11|6|8|6|2|2|1|1|1|2|1|1|1|0|0|1</HistCounts>
      </HistItem>
    </Histograms>
    <Metadata>
      <MDI key="STATISTICS_COUNT">5845.000000</MDI>
      <MDI key="STATISTICS_EXCLUDEDVALUES"></MDI>
      <MDI key="STATISTICS_MAXIMUM">0.79949128627777</MDI>
      <MDI key="STATISTICS_MEAN">0.63153349613409</MDI>
      <MDI key="STATISTICS_MEDIAN">nan</MDI>
      <MDI key="STATISTICS_MINIMUM">0.30090290307999</MDI>
      <MDI key="STATISTICS_SKIPFACTORX">1</MDI>
      <MDI key="STATISTICS_SKIPFACTORY">1</MDI>
      <MDI key="STATISTICS_STDDEV">0.080762864115743</MDI>
    </Metadata>
  </PAMRasterBand>
</PAMDataset>
