<PAMDataset>
  <PAMRasterBand band="1">
    <Description>nir</Description>
    <Histograms>
      <HistItem>
        <HistMin>0.1548254638910294</HistMin>
        <HistMax>0.3388782143592834</HistMax>
        <BucketCount>256</BucketCount>
        <IncludeOutOfRange>1</IncludeOutOfRange>
        <Approximate>0</Approximate>
        <HistCounts>1|0|0|0|0|0|0|0|0|0|0|0|0|0|0|0|0|0|0|1|0|2|2|0|3|5|1|2|3|1|3|1|1|3|7|4|5|4|7|11|18|12|8|10|6|14|13|21|18|24|29|26|25|25|27|24|33|42|38|34|37|49|53|51|56|64|57|69|78|66|76|96|91|74|69|88|98|84|100|77|85|116|76|96|105|108|115|94|79|95|121|98|100|91|91|106|90|92|87|88|84|80|92|81|83|71|75|67|52|49|60|55|50|49|56|42|41|39|30|33|29|23|30|41|33|22|19|16|24|20|12|24|13|21|14|19|16|16|13|24|18|20|7|9|14|16|6|7|8|8|10|15|5|9|6|2|5|5|8|4|7|10|5|8|6|2|2|8|3|7|6|1|4|5|0|2|2|1|5|6|1|1|0|2|2|2|0|4|3|1|2|6|0|5|2|1|2|3|1|2|2|0|0|1|1|1|2|1|3|2|1|1|0|1|0|0|1|0|1|1|0|3|0|1|2|1|0|1|1|0|0|0|0|1|1|1|0|1|0|0|0|0|1|0|0|0|1|0|0|0|0|0|0|0|0|1</HistCounts>
      </HistItem>
    </Histograms>
    <Metadata>
      <MDI key="STATISTICS_COUNT">5845.000000</MDI>
      <MDI key="STATISTICS_EXCLUDEDVALUES"></MDI>
      <MDI key="STATISTICS_MAXIMUM">0.33887821435928</MDI>
      <MDI key="STATISTICS_MEAN">0.22158322300128</MDI>
      <MDI key="STATISTICS_MEDIAN">nan</MDI>
      <MDI key="STATISTICS_MINIMUM">0.15482546389103</MDI>
      <MDI key="STATISTICS_SKIPFACTORX">1</MDI>
      <MDI key="STATISTICS_SKIPFACTORY">1</MDI>
      <MDI key="STATISTICS_STDDEV">0.020406948098777</MDI>
    </Metadata>
  </PAMRasterBand>
</PAMDataset>
