<PAMDataset>
  <PAMRasterBand band="1">
    <Description>nir</Description>
    <Histograms>
      <HistItem>
        <HistMin>0.2744265198707581</HistMin>
        <HistMax>0.659666895866394</HistMax>
        <BucketCount>256</BucketCount>
        <IncludeOutOfRange>1</IncludeOutOfRange>
        <Approximate>0</Approximate>
        <HistCounts>2|0|1|2|1|1|0|3|1|2|1|1|0|1|1|2|1|1|0|2|2|3|1|1|1|3|1|3|2|1|1|3|2|4|3|5|5|1|6|5|4|2|7|10|4|10|9|5|5|5|5|8|5|4|6|6|5|11|9|10|7|8|11|6|7|12|9|10|9|15|10|16|13|19|14|13|18|18|13|15|20|26|23|26|23|25|14|18|28|32|40|30|26|32|34|27|55|29|30|29|24|38|43|44|38|48|43|26|48|46|43|46|47|46|38|51|36|50|44|51|60|62|57|50|52|74|47|51|43|51|50|63|47|57|57|52|51|50|56|56|57|60|58|59|56|47|49|66|49|58|46|56|51|45|46|52|40|39|48|54|45|39|57|38|42|42|34|45|45|43|32|35|44|34|29|42|42|39|35|33|38|34|27|34|31|31|31|36|12|34|30|26|28|23|24|24|25|24|24|14|17|27|24|33|21|18|16|19|20|23|12|17|16|17|13|18|9|13|14|4|7|8|14|6|12|12|6|7|7|8|5|7|7|3|7|3|4|7|2|5|3|4|7|3|2|3|0|1|0|0|0|0|0|0|0|1</HistCounts>
      </HistItem>
    </Histograms>
    <Metadata>
      <MDI key="STATISTICS_COUNT">5845.000000</MDI>
      <MDI key="STATISTICS_EXCLUDEDVALUES"></MDI>
      <MDI key="STATISTICS_MAXIMUM">0.65966689586639</MDI>
      <MDI key="STATISTICS_MEAN">0.48460372133169</MDI>
      <MDI key="STATISTICS_MEDIAN">nan</MDI>
      <MDI key="STATISTICS_MINIMUM">0.27442651987076</MDI>
      <MDI key="STATISTICS_SKIPFACTORX">1</MDI>
      <MDI key="STATISTICS_SKIPFACTORY">1</MDI>
      <MDI key="STATISTICS_STDDEV">0.064355830577715</MDI>
    </Metadata>
  </PAMRasterBand>
</PAMDataset>
