<?xml version="1.0" encoding="UTF-8"?>
<metadata xml:lang="en"><Esri><CreaDate>20240112</CreaDate><CreaTime>13380400</CreaTime><ArcGISFormat>1.0</ArcGISFormat><SyncOnce>FALSE</SyncOnce><DataProperties><itemProps><itemName Sync="TRUE">2024_Colby_TAPS_Harvest_Area</itemName><imsContentType Sync="TRUE">002</imsContentType><itemSize Sync="TRUE">0.000</itemSize><itemLocation><linkage Sync="TRUE">file://\\DARAN\C$\Users\daran\Dropbox\RIT-Files\Projects\Research_Projects\Colby_TAPS\2024\Management\Layout\2024_Colby_TAPS_Harvest_Area.shp</linkage><protocol Sync="TRUE">Local Area Network</protocol></itemLocation></itemProps><coordRef><type Sync="TRUE">Geographic</type><geogcsn Sync="TRUE">GCS_WGS_1984</geogcsn><csUnits Sync="TRUE">Angular Unit: Degree (0.017453)</csUnits><peXml Sync="TRUE">&lt;GeographicCoordinateSystem xsi:type='typens:GeographicCoordinateSystem' xmlns:xsi='http://www.w3.org/2001/XMLSchema-instance' xmlns:xs='http://www.w3.org/2001/XMLSchema' xmlns:typens='http://www.esri.com/schemas/ArcGIS/3.1.0'&gt;&lt;WKT&gt;GEOGCS[&amp;quot;GCS_WGS_1984&amp;quot;,DATUM[&amp;quot;D_WGS_1984&amp;quot;,SPHEROID[&amp;quot;WGS_1984&amp;quot;,6378137.0,298.257223563]],PRIMEM[&amp;quot;Greenwich&amp;quot;,0.0],UNIT[&amp;quot;Degree&amp;quot;,0.0174532925199433],AUTHORITY[&amp;quot;EPSG&amp;quot;,4326]]&lt;/WKT&gt;&lt;XOrigin&gt;-400&lt;/XOrigin&gt;&lt;YOrigin&gt;-400&lt;/YOrigin&gt;&lt;XYScale&gt;11258999068426.238&lt;/XYScale&gt;&lt;ZOrigin&gt;-100000&lt;/ZOrigin&gt;&lt;ZScale&gt;10000&lt;/ZScale&gt;&lt;MOrigin&gt;-100000&lt;/MOrigin&gt;&lt;MScale&gt;10000&lt;/MScale&gt;&lt;XYTolerance&gt;8.983152841195215e-09&lt;/XYTolerance&gt;&lt;ZTolerance&gt;0.001&lt;/ZTolerance&gt;&lt;MTolerance&gt;0.001&lt;/MTolerance&gt;&lt;HighPrecision&gt;true&lt;/HighPrecision&gt;&lt;LeftLongitude&gt;-180&lt;/LeftLongitude&gt;&lt;WKID&gt;4326&lt;/WKID&gt;&lt;LatestWKID&gt;4326&lt;/LatestWKID&gt;&lt;/GeographicCoordinateSystem&gt;</peXml></coordRef><lineage><Process ToolSource="c:\program files\arcgis\pro\Resources\ArcToolbox\toolboxes\Conversion Tools.tbx\ExportFeatures" Date="20240112" Time="133804">ExportFeatures 2024_TAPS_Layout_v01 C:\Users\daran\Dropbox\RIT-Files\References\Colby\Shapefiles\VRI_Linear_Wheel_Tracks.shp # NOT_USE_ALIAS "Name "Name" true true false 60 Text 0 0,First,#,2024_TAPS_Layout_v01,Name,0,60" #</Process><Process ToolSource="c:\program files\arcgis\pro\Resources\ArcToolbox\toolboxes\Conversion Tools.tbx\ExportFeatures" Date="20240115" Time="101027">ExportFeatures VRI_Linear_Wheel_Tracks C:\Users\daran\Dropbox\RIT-Files\References\Colby\Shapefiles\VRI_Linear_Zones.shp # NOT_USE_ALIAS "Name "Name" true true false 60 Text 0 0,First,#,VRI_Linear_Wheel_Tracks,Name,0,60" #</Process><Process ToolSource="c:\program files\arcgis\pro\Resources\ArcToolbox\toolboxes\Data Management Tools.tbx\UpdateSchema" Date="20240115" Time="102528">UpdateSchema "CIMDATA=&lt;CIMStandardDataConnection xsi:type='typens:CIMStandardDataConnection' xmlns:xsi='http://www.w3.org/2001/XMLSchema-instance' xmlns:xs='http://www.w3.org/2001/XMLSchema' xmlns:typens='http://www.esri.com/schemas/ArcGIS/3.1.0'&gt;&lt;WorkspaceConnectionString&gt;DATABASE=C:\Users\daran\Dropbox\RIT-Files\References\Colby\Shapefiles&lt;/WorkspaceConnectionString&gt;&lt;WorkspaceFactory&gt;Shapefile&lt;/WorkspaceFactory&gt;&lt;Dataset&gt;VRI_Linear_Zones&lt;/Dataset&gt;&lt;DatasetType&gt;esriDTFeatureClass&lt;/DatasetType&gt;&lt;/CIMStandardDataConnection&gt;" &lt;operationSequence&gt;&lt;workflow&gt;&lt;AddField&gt;&lt;field_name&gt;Zone_No&lt;/field_name&gt;&lt;field_type&gt;SHORT&lt;/field_type&gt;&lt;field_is_nullable&gt;False&lt;/field_is_nullable&gt;&lt;field_is_required&gt;False&lt;/field_is_required&gt;&lt;/AddField&gt;&lt;/workflow&gt;&lt;/operationSequence&gt;</Process><Process ToolSource="c:\program files\arcgis\pro\Resources\ArcToolbox\toolboxes\Conversion Tools.tbx\ExportFeatures" Date="20240216" Time="084007">ExportFeatures VRI_Linear_Zones C:\Users\daran\Dropbox\RIT-Files\References\Colby\Shapefiles\VRI_Linear_Plots_v02.shp # NOT_USE_ALIAS "Name "Name" true true false 60 Text 0 0,First,#,VRI_Linear_Zones,Name,0,60;Zone_No "Zone No" true true false 5 Long 0 5,First,#,VRI_Linear_Zones,Zone_No,-1,-1" #</Process><Process ToolSource="c:\program files\arcgis\pro\Resources\ArcToolbox\toolboxes\Conversion Tools.tbx\ExportFeatures" Date="20240216" Time="143813">ExportFeatures VRI_Linear_Plots_v02 C:\Users\daran\Dropbox\RIT-Files\Projects\Research_Projects\Colby_TAPS\2024\Management\Layout\2024_Colby_TAPS_Sprinkler.shp # NOT_USE_ALIAS "Name "Name" true true false 60 Text 0 0,First,#,VRI_Linear_Plots_v02,Name,0,60;Zone_No "Zone_No" true true false 5 Long 0 5,First,#,VRI_Linear_Plots_v02,Zone_No,-1,-1" #</Process><Process ToolSource="c:\program files\arcgis\pro\Resources\ArcToolbox\Toolboxes\Data Management Tools.tbx\UpdateSchema" Date="20240220" Time="140436">UpdateSchema "CIMDATA=&lt;CIMStandardDataConnection xsi:type='typens:CIMStandardDataConnection' xmlns:xsi='http://www.w3.org/2001/XMLSchema-instance' xmlns:xs='http://www.w3.org/2001/XMLSchema' xmlns:typens='http://www.esri.com/schemas/ArcGIS/3.1.0'&gt;&lt;WorkspaceConnectionString&gt;DATABASE=C:\Users\daran\Dropbox\RIT-Files\Projects\Research_Projects\Colby_TAPS\2024\Management\Layout&lt;/WorkspaceConnectionString&gt;&lt;WorkspaceFactory&gt;Shapefile&lt;/WorkspaceFactory&gt;&lt;Dataset&gt;2024_Colby_TAPS_Sprinkler&lt;/Dataset&gt;&lt;DatasetType&gt;esriDTFeatureClass&lt;/DatasetType&gt;&lt;/CIMStandardDataConnection&gt;" &lt;operationSequence&gt;&lt;workflow&gt;&lt;AddField&gt;&lt;field_name&gt;TRT_ID&lt;/field_name&gt;&lt;field_type&gt;LONG&lt;/field_type&gt;&lt;field_is_nullable&gt;False&lt;/field_is_nullable&gt;&lt;field_is_required&gt;False&lt;/field_is_required&gt;&lt;/AddField&gt;&lt;/workflow&gt;&lt;/operationSequence&gt;</Process><Process ToolSource="c:\program files\arcgis\pro\Resources\ArcToolbox\toolboxes\Data Management Tools.tbx\CalculateField" Date="20240220" Time="140511">CalculateField 2024_Colby_TAPS_Sprinkler TRT_ID 9999 "Python 3" # Text NO_ENFORCE_DOMAINS</Process><Process ToolSource="c:\program files\arcgis\pro\Resources\ArcToolbox\toolboxes\Data Management Tools.tbx\CalculateField" Date="20240220" Time="140526">CalculateField 2024_Colby_TAPS_Sprinkler TRT_ID 9999 "Python 3" # Text NO_ENFORCE_DOMAINS</Process><Process ToolSource="c:\program files\arcgis\pro\Resources\ArcToolbox\toolboxes\Data Management Tools.tbx\CalculateField" Date="20240220" Time="140537">CalculateField 2024_Colby_TAPS_Sprinkler TRT_ID 9999 "Python 3" # Text NO_ENFORCE_DOMAINS</Process><Process ToolSource="c:\program files\arcgis\pro\Resources\ArcToolbox\toolboxes\Data Management Tools.tbx\CalculateField" Date="20240220" Time="140545">CalculateField 2024_Colby_TAPS_Sprinkler TRT_ID 9999 "Python 3" # Text NO_ENFORCE_DOMAINS</Process><Process ToolSource="c:\program files\arcgis\pro\Resources\ArcToolbox\toolboxes\Data Management Tools.tbx\CalculateField" Date="20240220" Time="140603">CalculateField 2024_Colby_TAPS_Sprinkler TRT_ID 9999 "Python 3" # Text NO_ENFORCE_DOMAINS</Process><Process ToolSource="c:\program files\arcgis\pro\Resources\ArcToolbox\toolboxes\Data Management Tools.tbx\CalculateField" Date="20240220" Time="140618">CalculateField 2024_Colby_TAPS_Sprinkler TRT_ID 9999 "Python 3" # Text NO_ENFORCE_DOMAINS</Process><Process ToolSource="c:\program files\arcgis\pro\Resources\ArcToolbox\toolboxes\Data Management Tools.tbx\CalculateField" Date="20240220" Time="140628">CalculateField 2024_Colby_TAPS_Sprinkler TRT_ID 9999 "Python 3" # Text NO_ENFORCE_DOMAINS</Process><Process ToolSource="c:\program files\arcgis\pro\Resources\ArcToolbox\toolboxes\Data Management Tools.tbx\UpdateSchema" Date="20240220" Time="142837">UpdateSchema "CIMDATA=&lt;CIMStandardDataConnection xsi:type='typens:CIMStandardDataConnection' xmlns:xsi='http://www.w3.org/2001/XMLSchema-instance' xmlns:xs='http://www.w3.org/2001/XMLSchema' xmlns:typens='http://www.esri.com/schemas/ArcGIS/3.1.0'&gt;&lt;WorkspaceConnectionString&gt;DATABASE=C:\Users\daran\Dropbox\RIT-Files\Projects\Research_Projects\Colby_TAPS\2024\Management\Layout&lt;/WorkspaceConnectionString&gt;&lt;WorkspaceFactory&gt;Shapefile&lt;/WorkspaceFactory&gt;&lt;Dataset&gt;2024_Colby_TAPS_Sprinkler&lt;/Dataset&gt;&lt;DatasetType&gt;esriDTFeatureClass&lt;/DatasetType&gt;&lt;/CIMStandardDataConnection&gt;" &lt;operationSequence&gt;&lt;workflow&gt;&lt;AddField&gt;&lt;field_name&gt;Block_ID&lt;/field_name&gt;&lt;field_type&gt;LONG&lt;/field_type&gt;&lt;field_is_nullable&gt;False&lt;/field_is_nullable&gt;&lt;field_is_required&gt;False&lt;/field_is_required&gt;&lt;/AddField&gt;&lt;/workflow&gt;&lt;/operationSequence&gt;</Process><Process ToolSource="c:\program files\arcgis\pro\Resources\ArcToolbox\toolboxes\Data Management Tools.tbx\CalculateField" Date="20240220" Time="143101">CalculateField 2024_Colby_TAPS_Sprinkler Block_ID 1 "Python 3" # Text NO_ENFORCE_DOMAINS</Process><Process ToolSource="c:\program files\arcgis\pro\Resources\ArcToolbox\toolboxes\Data Management Tools.tbx\CalculateField" Date="20240220" Time="143126">CalculateField 2024_Colby_TAPS_Sprinkler Block_ID 2 "Python 3" # Text NO_ENFORCE_DOMAINS</Process><Process ToolSource="c:\program files\arcgis\pro\Resources\ArcToolbox\toolboxes\Data Management Tools.tbx\CalculateField" Date="20240220" Time="143202">CalculateField 2024_Colby_TAPS_Sprinkler Block_ID 3 "Python 3" # Text NO_ENFORCE_DOMAINS</Process><Process ToolSource="c:\program files\arcgis\pro\Resources\ArcToolbox\toolboxes\Data Management Tools.tbx\CalculateField" Date="20240220" Time="143230">CalculateField 2024_Colby_TAPS_Sprinkler Block_ID 4 "Python 3" # Text NO_ENFORCE_DOMAINS</Process><Process ToolSource="c:\program files\arcgis\pro\Resources\ArcToolbox\toolboxes\Data Management Tools.tbx\CalculateField" Date="20240220" Time="143306">CalculateField 2024_Colby_TAPS_Sprinkler TRT_ID 10 "Python 3" # Text NO_ENFORCE_DOMAINS</Process><Process ToolSource="c:\program files\arcgis\pro\Resources\ArcToolbox\toolboxes\Data Management Tools.tbx\CalculateField" Date="20240220" Time="143313">CalculateField 2024_Colby_TAPS_Sprinkler TRT_ID 5 "Python 3" # Text NO_ENFORCE_DOMAINS</Process><Process ToolSource="c:\program files\arcgis\pro\Resources\ArcToolbox\toolboxes\Data Management Tools.tbx\CalculateField" Date="20240220" Time="143323">CalculateField 2024_Colby_TAPS_Sprinkler TRT_ID 6 "Python 3" # Text NO_ENFORCE_DOMAINS</Process><Process ToolSource="c:\program files\arcgis\pro\Resources\ArcToolbox\toolboxes\Data Management Tools.tbx\CalculateField" Date="20240220" Time="143331">CalculateField 2024_Colby_TAPS_Sprinkler TRT_ID 4 "Python 3" # Text NO_ENFORCE_DOMAINS</Process><Process ToolSource="c:\program files\arcgis\pro\Resources\ArcToolbox\toolboxes\Data Management Tools.tbx\CalculateField" Date="20240220" Time="143338">CalculateField 2024_Colby_TAPS_Sprinkler TRT_ID 9 "Python 3" # Text NO_ENFORCE_DOMAINS</Process><Process ToolSource="c:\program files\arcgis\pro\Resources\ArcToolbox\toolboxes\Data Management Tools.tbx\CalculateField" Date="20240220" Time="143414">CalculateField 2024_Colby_TAPS_Sprinkler TRT_ID 2 "Python 3" # Text NO_ENFORCE_DOMAINS</Process><Process ToolSource="c:\program files\arcgis\pro\Resources\ArcToolbox\toolboxes\Data Management Tools.tbx\CalculateField" Date="20240220" Time="143421">CalculateField 2024_Colby_TAPS_Sprinkler TRT_ID 7 "Python 3" # Text NO_ENFORCE_DOMAINS</Process><Process ToolSource="c:\program files\arcgis\pro\Resources\ArcToolbox\toolboxes\Data Management Tools.tbx\CalculateField" Date="20240220" Time="143431">CalculateField 2024_Colby_TAPS_Sprinkler TRT_ID 8 "Python 3" # Text NO_ENFORCE_DOMAINS</Process><Process ToolSource="c:\program files\arcgis\pro\Resources\ArcToolbox\toolboxes\Data Management Tools.tbx\CalculateField" Date="20240220" Time="143440">CalculateField 2024_Colby_TAPS_Sprinkler TRT_ID 3 "Python 3" # Text NO_ENFORCE_DOMAINS</Process><Process ToolSource="c:\program files\arcgis\pro\Resources\ArcToolbox\toolboxes\Data Management Tools.tbx\CalculateField" Date="20240220" Time="143447">CalculateField 2024_Colby_TAPS_Sprinkler TRT_ID 12 "Python 3" # Text NO_ENFORCE_DOMAINS</Process><Process ToolSource="c:\program files\arcgis\pro\Resources\ArcToolbox\toolboxes\Data Management Tools.tbx\CalculateField" Date="20240220" Time="143455">CalculateField 2024_Colby_TAPS_Sprinkler TRT_ID 1 "Python 3" # Text NO_ENFORCE_DOMAINS</Process><Process ToolSource="c:\program files\arcgis\pro\Resources\ArcToolbox\toolboxes\Data Management Tools.tbx\CalculateField" Date="20240220" Time="143508">CalculateField 2024_Colby_TAPS_Sprinkler TRT_ID 17 "Python 3" # Text NO_ENFORCE_DOMAINS</Process><Process ToolSource="c:\program files\arcgis\pro\Resources\ArcToolbox\toolboxes\Data Management Tools.tbx\CalculateField" Date="20240220" Time="143516">CalculateField 2024_Colby_TAPS_Sprinkler TRT_ID 15 "Python 3" # Text NO_ENFORCE_DOMAINS</Process><Process ToolSource="c:\program files\arcgis\pro\Resources\ArcToolbox\toolboxes\Data Management Tools.tbx\CalculateField" Date="20240220" Time="143523">CalculateField 2024_Colby_TAPS_Sprinkler TRT_ID 19 "Python 3" # Text NO_ENFORCE_DOMAINS</Process><Process ToolSource="c:\program files\arcgis\pro\Resources\ArcToolbox\toolboxes\Data Management Tools.tbx\CalculateField" Date="20240220" Time="143531">CalculateField 2024_Colby_TAPS_Sprinkler TRT_ID 16 "Python 3" # Text NO_ENFORCE_DOMAINS</Process><Process ToolSource="c:\program files\arcgis\pro\Resources\ArcToolbox\toolboxes\Data Management Tools.tbx\CalculateField" Date="20240220" Time="143538">CalculateField 2024_Colby_TAPS_Sprinkler TRT_ID 13 "Python 3" # Text NO_ENFORCE_DOMAINS</Process><Process ToolSource="c:\program files\arcgis\pro\Resources\ArcToolbox\toolboxes\Data Management Tools.tbx\CalculateField" Date="20240220" Time="143551">CalculateField 2024_Colby_TAPS_Sprinkler TRT_ID 20 "Python 3" # Text NO_ENFORCE_DOMAINS</Process><Process ToolSource="c:\program files\arcgis\pro\Resources\ArcToolbox\toolboxes\Data Management Tools.tbx\CalculateField" Date="20240220" Time="143601">CalculateField 2024_Colby_TAPS_Sprinkler TRT_ID 14 "Python 3" # Text NO_ENFORCE_DOMAINS</Process><Process ToolSource="c:\program files\arcgis\pro\Resources\ArcToolbox\toolboxes\Data Management Tools.tbx\CalculateField" Date="20240220" Time="143607">CalculateField 2024_Colby_TAPS_Sprinkler TRT_ID 22 "Python 3" # Text NO_ENFORCE_DOMAINS</Process><Process ToolSource="c:\program files\arcgis\pro\Resources\ArcToolbox\toolboxes\Data Management Tools.tbx\CalculateField" Date="20240220" Time="143614">CalculateField 2024_Colby_TAPS_Sprinkler TRT_ID 24 "Python 3" # Text NO_ENFORCE_DOMAINS</Process><Process ToolSource="c:\program files\arcgis\pro\Resources\ArcToolbox\toolboxes\Data Management Tools.tbx\CalculateField" Date="20240220" Time="143622">CalculateField 2024_Colby_TAPS_Sprinkler TRT_ID 21 "Python 3" # Text NO_ENFORCE_DOMAINS</Process><Process ToolSource="c:\program files\arcgis\pro\Resources\ArcToolbox\toolboxes\Data Management Tools.tbx\CalculateField" Date="20240220" Time="143630">CalculateField 2024_Colby_TAPS_Sprinkler TRT_ID 18 "Python 3" # Text NO_ENFORCE_DOMAINS</Process><Process ToolSource="c:\program files\arcgis\pro\Resources\ArcToolbox\toolboxes\Data Management Tools.tbx\CalculateField" Date="20240220" Time="143637">CalculateField 2024_Colby_TAPS_Sprinkler TRT_ID 23 "Python 3" # Text NO_ENFORCE_DOMAINS</Process><Process ToolSource="c:\program files\arcgis\pro\Resources\ArcToolbox\toolboxes\Data Management Tools.tbx\CalculateField" Date="20240220" Time="143657">CalculateField 2024_Colby_TAPS_Sprinkler TRT_ID 32 "Python 3" # Text NO_ENFORCE_DOMAINS</Process><Process ToolSource="c:\program files\arcgis\pro\Resources\ArcToolbox\toolboxes\Data Management Tools.tbx\CalculateField" Date="20240220" Time="143705">CalculateField 2024_Colby_TAPS_Sprinkler TRT_ID 35 "Python 3" # Text NO_ENFORCE_DOMAINS</Process><Process ToolSource="c:\program files\arcgis\pro\Resources\ArcToolbox\toolboxes\Data Management Tools.tbx\CalculateField" Date="20240220" Time="143735">CalculateField 2024_Colby_TAPS_Sprinkler TRT_ID 31 "Python 3" # Text NO_ENFORCE_DOMAINS</Process><Process ToolSource="c:\program files\arcgis\pro\Resources\ArcToolbox\toolboxes\Data Management Tools.tbx\CalculateField" Date="20240220" Time="143744">CalculateField 2024_Colby_TAPS_Sprinkler TRT_ID 30 "Python 3" # Text NO_ENFORCE_DOMAINS</Process><Process ToolSource="c:\program files\arcgis\pro\Resources\ArcToolbox\toolboxes\Data Management Tools.tbx\CalculateField" Date="20240220" Time="143751">CalculateField 2024_Colby_TAPS_Sprinkler TRT_ID 29 "Python 3" # Text NO_ENFORCE_DOMAINS</Process><Process ToolSource="c:\program files\arcgis\pro\Resources\ArcToolbox\toolboxes\Data Management Tools.tbx\CalculateField" Date="20240220" Time="143758">CalculateField 2024_Colby_TAPS_Sprinkler TRT_ID 28 "Python 3" # Text NO_ENFORCE_DOMAINS</Process><Process ToolSource="c:\program files\arcgis\pro\Resources\ArcToolbox\toolboxes\Data Management Tools.tbx\CalculateField" Date="20240220" Time="143806">CalculateField 2024_Colby_TAPS_Sprinkler TRT_ID 27 "Python 3" # Text NO_ENFORCE_DOMAINS</Process><Process ToolSource="c:\program files\arcgis\pro\Resources\ArcToolbox\toolboxes\Data Management Tools.tbx\CalculateField" Date="20240220" Time="143812">CalculateField 2024_Colby_TAPS_Sprinkler TRT_ID 33 "Python 3" # Text NO_ENFORCE_DOMAINS</Process><Process ToolSource="c:\program files\arcgis\pro\Resources\ArcToolbox\toolboxes\Data Management Tools.tbx\CalculateField" Date="20240220" Time="143819">CalculateField 2024_Colby_TAPS_Sprinkler TRT_ID 26 "Python 3" # Text NO_ENFORCE_DOMAINS</Process><Process ToolSource="c:\program files\arcgis\pro\Resources\ArcToolbox\toolboxes\Data Management Tools.tbx\CalculateField" Date="20240220" Time="143826">CalculateField 2024_Colby_TAPS_Sprinkler TRT_ID 25 "Python 3" # Text NO_ENFORCE_DOMAINS</Process><Process ToolSource="c:\program files\arcgis\pro\Resources\ArcToolbox\toolboxes\Data Management Tools.tbx\CalculateField" Date="20240220" Time="143833">CalculateField 2024_Colby_TAPS_Sprinkler TRT_ID 34 "Python 3" # Text NO_ENFORCE_DOMAINS</Process><Process ToolSource="c:\program files\arcgis\pro\Resources\ArcToolbox\toolboxes\Data Management Tools.tbx\CalculateField" Date="20240220" Time="144048">CalculateField 2024_Colby_TAPS_Sprinkler TRT_ID 22 "Python 3" # Text NO_ENFORCE_DOMAINS</Process><Process ToolSource="c:\program files\arcgis\pro\Resources\ArcToolbox\toolboxes\Data Management Tools.tbx\CalculateField" Date="20240220" Time="144059">CalculateField 2024_Colby_TAPS_Sprinkler TRT_ID 28 "Python 3" # Text NO_ENFORCE_DOMAINS</Process><Process ToolSource="c:\program files\arcgis\pro\Resources\ArcToolbox\toolboxes\Data Management Tools.tbx\CalculateField" Date="20240220" Time="144106">CalculateField 2024_Colby_TAPS_Sprinkler TRT_ID 33 "Python 3" # Text NO_ENFORCE_DOMAINS</Process><Process ToolSource="c:\program files\arcgis\pro\Resources\ArcToolbox\toolboxes\Data Management Tools.tbx\CalculateField" Date="20240220" Time="144113">CalculateField 2024_Colby_TAPS_Sprinkler TRT_ID 34 "Python 3" # Text NO_ENFORCE_DOMAINS</Process><Process ToolSource="c:\program files\arcgis\pro\Resources\ArcToolbox\toolboxes\Data Management Tools.tbx\CalculateField" Date="20240220" Time="144120">CalculateField 2024_Colby_TAPS_Sprinkler TRT_ID 29 "Python 3" # Text NO_ENFORCE_DOMAINS</Process><Process ToolSource="c:\program files\arcgis\pro\Resources\ArcToolbox\toolboxes\Data Management Tools.tbx\CalculateField" Date="20240220" Time="144129">CalculateField 2024_Colby_TAPS_Sprinkler TRT_ID 24 "Python 3" # Text NO_ENFORCE_DOMAINS</Process><Process ToolSource="c:\program files\arcgis\pro\Resources\ArcToolbox\toolboxes\Data Management Tools.tbx\CalculateField" Date="20240220" Time="144136">CalculateField 2024_Colby_TAPS_Sprinkler TRT_ID 31 "Python 3" # Text NO_ENFORCE_DOMAINS</Process><Process ToolSource="c:\program files\arcgis\pro\Resources\ArcToolbox\toolboxes\Data Management Tools.tbx\CalculateField" Date="20240220" Time="144143">CalculateField 2024_Colby_TAPS_Sprinkler TRT_ID 26 "Python 3" # Text NO_ENFORCE_DOMAINS</Process><Process ToolSource="c:\program files\arcgis\pro\Resources\ArcToolbox\toolboxes\Data Management Tools.tbx\CalculateField" Date="20240220" Time="144149">CalculateField 2024_Colby_TAPS_Sprinkler TRT_ID 30 "Python 3" # Text NO_ENFORCE_DOMAINS</Process><Process ToolSource="c:\program files\arcgis\pro\Resources\ArcToolbox\toolboxes\Data Management Tools.tbx\CalculateField" Date="20240220" Time="144156">CalculateField 2024_Colby_TAPS_Sprinkler TRT_ID 25 "Python 3" # Text NO_ENFORCE_DOMAINS</Process><Process ToolSource="c:\program files\arcgis\pro\Resources\ArcToolbox\toolboxes\Data Management Tools.tbx\CalculateField" Date="20240220" Time="144203">CalculateField 2024_Colby_TAPS_Sprinkler TRT_ID 27 "Python 3" # Text NO_ENFORCE_DOMAINS</Process><Process ToolSource="c:\program files\arcgis\pro\Resources\ArcToolbox\toolboxes\Data Management Tools.tbx\CalculateField" Date="20240220" Time="144210">CalculateField 2024_Colby_TAPS_Sprinkler TRT_ID 32 "Python 3" # Text NO_ENFORCE_DOMAINS</Process><Process ToolSource="c:\program files\arcgis\pro\Resources\ArcToolbox\toolboxes\Data Management Tools.tbx\CalculateField" Date="20240220" Time="144218">CalculateField 2024_Colby_TAPS_Sprinkler TRT_ID 3 "Python 3" # Text NO_ENFORCE_DOMAINS</Process><Process ToolSource="c:\program files\arcgis\pro\Resources\ArcToolbox\toolboxes\Data Management Tools.tbx\CalculateField" Date="20240220" Time="144224">CalculateField 2024_Colby_TAPS_Sprinkler TRT_ID 5 "Python 3" # Text NO_ENFORCE_DOMAINS</Process><Process ToolSource="c:\program files\arcgis\pro\Resources\ArcToolbox\toolboxes\Data Management Tools.tbx\CalculateField" Date="20240220" Time="144230">CalculateField 2024_Colby_TAPS_Sprinkler TRT_ID 7 "Python 3" # Text NO_ENFORCE_DOMAINS</Process><Process ToolSource="c:\program files\arcgis\pro\Resources\ArcToolbox\toolboxes\Data Management Tools.tbx\CalculateField" Date="20240220" Time="144236">CalculateField 2024_Colby_TAPS_Sprinkler TRT_ID 9 "Python 3" # Text NO_ENFORCE_DOMAINS</Process><Process ToolSource="c:\program files\arcgis\pro\Resources\ArcToolbox\toolboxes\Data Management Tools.tbx\CalculateField" Date="20240220" Time="144243">CalculateField 2024_Colby_TAPS_Sprinkler TRT_ID 11 "Python 3" # Text NO_ENFORCE_DOMAINS</Process><Process ToolSource="c:\program files\arcgis\pro\Resources\ArcToolbox\toolboxes\Data Management Tools.tbx\CalculateField" Date="20240220" Time="144250">CalculateField 2024_Colby_TAPS_Sprinkler TRT_ID 6 "Python 3" # Text NO_ENFORCE_DOMAINS</Process><Process ToolSource="c:\program files\arcgis\pro\Resources\ArcToolbox\toolboxes\Data Management Tools.tbx\CalculateField" Date="20240220" Time="144257">CalculateField 2024_Colby_TAPS_Sprinkler TRT_ID 4 "Python 3" # Text NO_ENFORCE_DOMAINS</Process><Process ToolSource="c:\program files\arcgis\pro\Resources\ArcToolbox\toolboxes\Data Management Tools.tbx\CalculateField" Date="20240220" Time="144301">CalculateField 2024_Colby_TAPS_Sprinkler TRT_ID 2 "Python 3" # Text NO_ENFORCE_DOMAINS</Process><Process ToolSource="c:\program files\arcgis\pro\Resources\ArcToolbox\toolboxes\Data Management Tools.tbx\CalculateField" Date="20240220" Time="144307">CalculateField 2024_Colby_TAPS_Sprinkler TRT_ID 1 "Python 3" # Text NO_ENFORCE_DOMAINS</Process><Process ToolSource="c:\program files\arcgis\pro\Resources\ArcToolbox\toolboxes\Data Management Tools.tbx\CalculateField" Date="20240220" Time="144313">CalculateField 2024_Colby_TAPS_Sprinkler TRT_ID 8 "Python 3" # Text NO_ENFORCE_DOMAINS</Process><Process ToolSource="c:\program files\arcgis\pro\Resources\ArcToolbox\toolboxes\Data Management Tools.tbx\CalculateField" Date="20240220" Time="144320">CalculateField 2024_Colby_TAPS_Sprinkler TRT_ID 10 "Python 3" # Text NO_ENFORCE_DOMAINS</Process><Process ToolSource="c:\program files\arcgis\pro\Resources\ArcToolbox\toolboxes\Data Management Tools.tbx\CalculateField" Date="20240220" Time="144328">CalculateField 2024_Colby_TAPS_Sprinkler TRT_ID 18 "Python 3" # Text NO_ENFORCE_DOMAINS</Process><Process ToolSource="c:\program files\arcgis\pro\Resources\ArcToolbox\toolboxes\Data Management Tools.tbx\CalculateField" Date="20240220" Time="144336">CalculateField 2024_Colby_TAPS_Sprinkler TRT_ID 19 "Python 3" # Text NO_ENFORCE_DOMAINS</Process><Process ToolSource="c:\program files\arcgis\pro\Resources\ArcToolbox\toolboxes\Data Management Tools.tbx\CalculateField" Date="20240220" Time="144342">CalculateField 2024_Colby_TAPS_Sprinkler TRT_ID 14 "Python 3" # Text NO_ENFORCE_DOMAINS</Process><Process ToolSource="c:\program files\arcgis\pro\Resources\ArcToolbox\toolboxes\Data Management Tools.tbx\CalculateField" Date="20240220" Time="144349">CalculateField 2024_Colby_TAPS_Sprinkler TRT_ID 21 "Python 3" # Text NO_ENFORCE_DOMAINS</Process><Process ToolSource="c:\program files\arcgis\pro\Resources\ArcToolbox\toolboxes\Data Management Tools.tbx\CalculateField" Date="20240220" Time="144355">CalculateField 2024_Colby_TAPS_Sprinkler TRT_ID 13 "Python 3" # Text NO_ENFORCE_DOMAINS</Process><Process ToolSource="c:\program files\arcgis\pro\Resources\ArcToolbox\toolboxes\Data Management Tools.tbx\CalculateField" Date="20240220" Time="144403">CalculateField 2024_Colby_TAPS_Sprinkler TRT_ID 23 "Python 3" # Text NO_ENFORCE_DOMAINS</Process><Process ToolSource="c:\program files\arcgis\pro\Resources\ArcToolbox\toolboxes\Data Management Tools.tbx\CalculateField" Date="20240220" Time="144410">CalculateField 2024_Colby_TAPS_Sprinkler TRT_ID 17 "Python 3" # Text NO_ENFORCE_DOMAINS</Process><Process ToolSource="c:\program files\arcgis\pro\Resources\ArcToolbox\toolboxes\Data Management Tools.tbx\CalculateField" Date="20240220" Time="144417">CalculateField 2024_Colby_TAPS_Sprinkler TRT_ID 12 "Python 3" # Text NO_ENFORCE_DOMAINS</Process><Process ToolSource="c:\program files\arcgis\pro\Resources\ArcToolbox\toolboxes\Data Management Tools.tbx\CalculateField" Date="20240220" Time="144424">CalculateField 2024_Colby_TAPS_Sprinkler TRT_ID 15 "Python 3" # Text NO_ENFORCE_DOMAINS</Process><Process ToolSource="c:\program files\arcgis\pro\Resources\ArcToolbox\toolboxes\Data Management Tools.tbx\CalculateField" Date="20240220" Time="145716">CalculateField 2024_Colby_TAPS_Sprinkler TRT_ID 0 "Python 3" # Text NO_ENFORCE_DOMAINS</Process><Process ToolSource="c:\program files\arcgis\pro\Resources\ArcToolbox\toolboxes\Data Management Tools.tbx\CalculateField" Date="20240220" Time="145721">CalculateField 2024_Colby_TAPS_Sprinkler TRT_ID 0 "Python 3" # Text NO_ENFORCE_DOMAINS</Process><Process ToolSource="c:\program files\arcgis\pro\Resources\ArcToolbox\toolboxes\Data Management Tools.tbx\CalculateField" Date="20240220" Time="145725">CalculateField 2024_Colby_TAPS_Sprinkler TRT_ID 0 "Python 3" # Text NO_ENFORCE_DOMAINS</Process><Process ToolSource="c:\program files\arcgis\pro\Resources\ArcToolbox\toolboxes\Data Management Tools.tbx\CalculateField" Date="20240220" Time="145728">CalculateField 2024_Colby_TAPS_Sprinkler TRT_ID 0 "Python 3" # Text NO_ENFORCE_DOMAINS</Process><Process ToolSource="c:\program files\arcgis\pro\Resources\ArcToolbox\toolboxes\Data Management Tools.tbx\CalculateField" Date="20240220" Time="145737">CalculateField 2024_Colby_TAPS_Sprinkler TRT_ID 24 "Python 3" # Text NO_ENFORCE_DOMAINS</Process><Process ToolSource="c:\program files\arcgis\pro\Resources\ArcToolbox\toolboxes\Data Management Tools.tbx\CalculateField" Date="20240220" Time="145817">CalculateField 2024_Colby_TAPS_Sprinkler TRT_ID 23 "Python 3" # Text NO_ENFORCE_DOMAINS</Process><Process ToolSource="c:\program files\arcgis\pro\Resources\ArcToolbox\toolboxes\Data Management Tools.tbx\CalculateField" Date="20240220" Time="145824">CalculateField 2024_Colby_TAPS_Sprinkler TRT_ID 19 "Python 3" # Text NO_ENFORCE_DOMAINS</Process><Process ToolSource="c:\program files\arcgis\pro\Resources\ArcToolbox\toolboxes\Data Management Tools.tbx\CalculateField" Date="20240220" Time="145831">CalculateField 2024_Colby_TAPS_Sprinkler TRT_ID 10 "Python 3" # Text NO_ENFORCE_DOMAINS</Process><Process ToolSource="c:\program files\arcgis\pro\Resources\ArcToolbox\toolboxes\Data Management Tools.tbx\CalculateField" Date="20240220" Time="145838">CalculateField 2024_Colby_TAPS_Sprinkler TRT_ID 4 "Python 3" # Text NO_ENFORCE_DOMAINS</Process><Process ToolSource="c:\program files\arcgis\pro\Resources\ArcToolbox\toolboxes\Data Management Tools.tbx\CalculateField" Date="20240220" Time="145844">CalculateField 2024_Colby_TAPS_Sprinkler TRT_ID 9 "Python 3" # Text NO_ENFORCE_DOMAINS</Process><Process ToolSource="c:\program files\arcgis\pro\Resources\ArcToolbox\toolboxes\Data Management Tools.tbx\CalculateField" Date="20240220" Time="145851">CalculateField 2024_Colby_TAPS_Sprinkler TRT_ID 6 "Python 3" # Text NO_ENFORCE_DOMAINS</Process><Process ToolSource="c:\program files\arcgis\pro\Resources\ArcToolbox\toolboxes\Data Management Tools.tbx\CalculateField" Date="20240220" Time="145858">CalculateField 2024_Colby_TAPS_Sprinkler TRT_ID 22 "Python 3" # Text NO_ENFORCE_DOMAINS</Process><Process ToolSource="c:\program files\arcgis\pro\Resources\ArcToolbox\toolboxes\Data Management Tools.tbx\CalculateField" Date="20240220" Time="145904">CalculateField 2024_Colby_TAPS_Sprinkler TRT_ID 25 "Python 3" # Text NO_ENFORCE_DOMAINS</Process><Process ToolSource="c:\program files\arcgis\pro\Resources\ArcToolbox\toolboxes\Data Management Tools.tbx\CalculateField" Date="20240220" Time="145915">CalculateField 2024_Colby_TAPS_Sprinkler TRT_ID 14 "Python 3" # Text NO_ENFORCE_DOMAINS</Process><Process ToolSource="c:\program files\arcgis\pro\Resources\ArcToolbox\toolboxes\Data Management Tools.tbx\CalculateField" Date="20240220" Time="145922">CalculateField 2024_Colby_TAPS_Sprinkler TRT_ID 31 "Python 3" # Text NO_ENFORCE_DOMAINS</Process><Process ToolSource="c:\program files\arcgis\pro\Resources\ArcToolbox\toolboxes\Data Management Tools.tbx\CalculateField" Date="20240220" Time="145928">CalculateField 2024_Colby_TAPS_Sprinkler TRT_ID 20 "Python 3" # Text NO_ENFORCE_DOMAINS</Process><Process ToolSource="c:\program files\arcgis\pro\Resources\ArcToolbox\toolboxes\Data Management Tools.tbx\CalculateField" Date="20240220" Time="145936">CalculateField 2024_Colby_TAPS_Sprinkler TRT_ID 30 "Python 3" # Text NO_ENFORCE_DOMAINS</Process><Process ToolSource="c:\program files\arcgis\pro\Resources\ArcToolbox\toolboxes\Data Management Tools.tbx\CalculateField" Date="20240220" Time="145943">CalculateField 2024_Colby_TAPS_Sprinkler TRT_ID 13 "Python 3" # Text NO_ENFORCE_DOMAINS</Process><Process ToolSource="c:\program files\arcgis\pro\Resources\ArcToolbox\toolboxes\Data Management Tools.tbx\CalculateField" Date="20240220" Time="145951">CalculateField 2024_Colby_TAPS_Sprinkler TRT_ID 18 "Python 3" # Text NO_ENFORCE_DOMAINS</Process><Process ToolSource="c:\program files\arcgis\pro\Resources\ArcToolbox\toolboxes\Data Management Tools.tbx\CalculateField" Date="20240220" Time="145957">CalculateField 2024_Colby_TAPS_Sprinkler TRT_ID 21 "Python 3" # Text NO_ENFORCE_DOMAINS</Process><Process ToolSource="c:\program files\arcgis\pro\Resources\ArcToolbox\toolboxes\Data Management Tools.tbx\CalculateField" Date="20240220" Time="150004">CalculateField 2024_Colby_TAPS_Sprinkler TRT_ID 7 "Python 3" # Text NO_ENFORCE_DOMAINS</Process><Process ToolSource="c:\program files\arcgis\pro\Resources\ArcToolbox\toolboxes\Data Management Tools.tbx\CalculateField" Date="20240220" Time="150010">CalculateField 2024_Colby_TAPS_Sprinkler TRT_ID 11 "Python 3" # Text NO_ENFORCE_DOMAINS</Process><Process ToolSource="c:\program files\arcgis\pro\Resources\ArcToolbox\toolboxes\Data Management Tools.tbx\CalculateField" Date="20240220" Time="150016">CalculateField 2024_Colby_TAPS_Sprinkler TRT_ID 8 "Python 3" # Text NO_ENFORCE_DOMAINS</Process><Process ToolSource="c:\program files\arcgis\pro\Resources\ArcToolbox\toolboxes\Data Management Tools.tbx\CalculateField" Date="20240220" Time="150025">CalculateField 2024_Colby_TAPS_Sprinkler TRT_ID 3 "Python 3" # Text NO_ENFORCE_DOMAINS</Process><Process ToolSource="c:\program files\arcgis\pro\Resources\ArcToolbox\toolboxes\Data Management Tools.tbx\CalculateField" Date="20240220" Time="150030">CalculateField 2024_Colby_TAPS_Sprinkler TRT_ID 32 "Python 3" # Text NO_ENFORCE_DOMAINS</Process><Process ToolSource="c:\program files\arcgis\pro\Resources\ArcToolbox\toolboxes\Data Management Tools.tbx\CalculateField" Date="20240220" Time="150035">CalculateField 2024_Colby_TAPS_Sprinkler TRT_ID 5 "Python 3" # Text NO_ENFORCE_DOMAINS</Process><Process ToolSource="c:\program files\arcgis\pro\Resources\ArcToolbox\toolboxes\Data Management Tools.tbx\CalculateField" Date="20240220" Time="150043">CalculateField 2024_Colby_TAPS_Sprinkler TRT_ID 1 "Python 3" # Text NO_ENFORCE_DOMAINS</Process><Process ToolSource="c:\program files\arcgis\pro\Resources\ArcToolbox\toolboxes\Data Management Tools.tbx\CalculateField" Date="20240220" Time="150053">CalculateField 2024_Colby_TAPS_Sprinkler TRT_ID 13 "Python 3" # Text NO_ENFORCE_DOMAINS</Process><Process ToolSource="c:\program files\arcgis\pro\Resources\ArcToolbox\toolboxes\Data Management Tools.tbx\CalculateField" Date="20240220" Time="150100">CalculateField 2024_Colby_TAPS_Sprinkler TRT_ID 17 "Python 3" # Text NO_ENFORCE_DOMAINS</Process><Process ToolSource="c:\program files\arcgis\pro\Resources\ArcToolbox\toolboxes\Data Management Tools.tbx\CalculateField" Date="20240220" Time="150108">CalculateField 2024_Colby_TAPS_Sprinkler TRT_ID 15 "Python 3" # Text NO_ENFORCE_DOMAINS</Process><Process ToolSource="c:\program files\arcgis\pro\Resources\ArcToolbox\toolboxes\Data Management Tools.tbx\CalculateField" Date="20240220" Time="150113">CalculateField 2024_Colby_TAPS_Sprinkler TRT_ID 11 "Python 3" # Text NO_ENFORCE_DOMAINS</Process><Process ToolSource="c:\program files\arcgis\pro\Resources\ArcToolbox\toolboxes\Data Management Tools.tbx\CalculateField" Date="20240220" Time="150121">CalculateField 2024_Colby_TAPS_Sprinkler TRT_ID 30 "Python 3" # Text NO_ENFORCE_DOMAINS</Process><Process ToolSource="c:\program files\arcgis\pro\Resources\ArcToolbox\toolboxes\Data Management Tools.tbx\CalculateField" Date="20240220" Time="150130">CalculateField 2024_Colby_TAPS_Sprinkler TRT_ID 27 "Python 3" # Text NO_ENFORCE_DOMAINS</Process><Process ToolSource="c:\program files\arcgis\pro\Resources\ArcToolbox\toolboxes\Data Management Tools.tbx\CalculateField" Date="20240220" Time="150138">CalculateField 2024_Colby_TAPS_Sprinkler TRT_ID 16 "Python 3" # Text NO_ENFORCE_DOMAINS</Process><Process ToolSource="c:\program files\arcgis\pro\Resources\ArcToolbox\toolboxes\Data Management Tools.tbx\CalculateField" Date="20240220" Time="150146">CalculateField 2024_Colby_TAPS_Sprinkler TRT_ID 29 "Python 3" # Text NO_ENFORCE_DOMAINS</Process><Process ToolSource="c:\program files\arcgis\pro\Resources\ArcToolbox\toolboxes\Data Management Tools.tbx\CalculateField" Date="20240220" Time="150154">CalculateField 2024_Colby_TAPS_Sprinkler TRT_ID 18 "Python 3" # Text NO_ENFORCE_DOMAINS</Process><Process ToolSource="c:\program files\arcgis\pro\Resources\ArcToolbox\toolboxes\Data Management Tools.tbx\CalculateField" Date="20240220" Time="150201">CalculateField 2024_Colby_TAPS_Sprinkler TRT_ID 35 "Python 3" # Text NO_ENFORCE_DOMAINS</Process><Process ToolSource="c:\program files\arcgis\pro\Resources\ArcToolbox\toolboxes\Data Management Tools.tbx\CalculateField" Date="20240220" Time="150207">CalculateField 2024_Colby_TAPS_Sprinkler TRT_ID 32 "Python 3" # Text NO_ENFORCE_DOMAINS</Process><Process ToolSource="c:\program files\arcgis\pro\Resources\ArcToolbox\toolboxes\Data Management Tools.tbx\CalculateField" Date="20240220" Time="150213">CalculateField 2024_Colby_TAPS_Sprinkler TRT_ID 3 "Python 3" # Text NO_ENFORCE_DOMAINS</Process><Process ToolSource="c:\program files\arcgis\pro\Resources\ArcToolbox\toolboxes\Data Management Tools.tbx\CalculateField" Date="20240220" Time="150220">CalculateField 2024_Colby_TAPS_Sprinkler TRT_ID 28 "Python 3" # Text NO_ENFORCE_DOMAINS</Process><Process ToolSource="c:\program files\arcgis\pro\Resources\ArcToolbox\toolboxes\Data Management Tools.tbx\CalculateField" Date="20240220" Time="150227">CalculateField 2024_Colby_TAPS_Sprinkler TRT_ID 24 "Python 3" # Text NO_ENFORCE_DOMAINS</Process><Process ToolSource="c:\program files\arcgis\pro\Resources\ArcToolbox\toolboxes\Data Management Tools.tbx\CalculateField" Date="20240220" Time="150233">CalculateField 2024_Colby_TAPS_Sprinkler TRT_ID 4 "Python 3" # Text NO_ENFORCE_DOMAINS</Process><Process ToolSource="c:\program files\arcgis\pro\Resources\ArcToolbox\toolboxes\Data Management Tools.tbx\CalculateField" Date="20240220" Time="150241">CalculateField 2024_Colby_TAPS_Sprinkler TRT_ID 33 "Python 3" # Text NO_ENFORCE_DOMAINS</Process><Process ToolSource="c:\program files\arcgis\pro\Resources\ArcToolbox\toolboxes\Data Management Tools.tbx\CalculateField" Date="20240220" Time="150248">CalculateField 2024_Colby_TAPS_Sprinkler TRT_ID 34 "Python 3" # Text NO_ENFORCE_DOMAINS</Process><Process ToolSource="c:\program files\arcgis\pro\Resources\ArcToolbox\toolboxes\Data Management Tools.tbx\CalculateField" Date="20240220" Time="150256">CalculateField 2024_Colby_TAPS_Sprinkler TRT_ID 6 "Python 3" # Text NO_ENFORCE_DOMAINS</Process><Process ToolSource="c:\program files\arcgis\pro\Resources\ArcToolbox\toolboxes\Data Management Tools.tbx\CalculateField" Date="20240220" Time="150303">CalculateField 2024_Colby_TAPS_Sprinkler TRT_ID 2 "Python 3" # Text NO_ENFORCE_DOMAINS</Process><Process ToolSource="c:\program files\arcgis\pro\Resources\ArcToolbox\toolboxes\Data Management Tools.tbx\CalculateField" Date="20240220" Time="150312">CalculateField 2024_Colby_TAPS_Sprinkler TRT_ID 19 "Python 3" # Text NO_ENFORCE_DOMAINS</Process><Process ToolSource="c:\program files\arcgis\pro\Resources\ArcToolbox\toolboxes\Data Management Tools.tbx\CalculateField" Date="20240220" Time="150318">CalculateField 2024_Colby_TAPS_Sprinkler TRT_ID 12 "Python 3" # Text NO_ENFORCE_DOMAINS</Process><Process ToolSource="c:\program files\arcgis\pro\Resources\ArcToolbox\toolboxes\Data Management Tools.tbx\CalculateField" Date="20240220" Time="150325">CalculateField 2024_Colby_TAPS_Sprinkler TRT_ID 26 "Python 3" # Text NO_ENFORCE_DOMAINS</Process><Process ToolSource="c:\program files\arcgis\pro\Resources\ArcToolbox\toolboxes\Data Management Tools.tbx\CalculateField" Date="20240220" Time="150332">CalculateField 2024_Colby_TAPS_Sprinkler TRT_ID 20 "Python 3" # Text NO_ENFORCE_DOMAINS</Process><Process ToolSource="c:\program files\arcgis\pro\Resources\ArcToolbox\toolboxes\Data Management Tools.tbx\CalculateField" Date="20240220" Time="150342">CalculateField 2024_Colby_TAPS_Sprinkler TRT_ID 26 "Python 3" # Text NO_ENFORCE_DOMAINS</Process><Process ToolSource="c:\program files\arcgis\pro\Resources\ArcToolbox\toolboxes\Data Management Tools.tbx\CalculateField" Date="20240220" Time="150349">CalculateField 2024_Colby_TAPS_Sprinkler TRT_ID 1 "Python 3" # Text NO_ENFORCE_DOMAINS</Process><Process ToolSource="c:\program files\arcgis\pro\Resources\ArcToolbox\toolboxes\Data Management Tools.tbx\CalculateField" Date="20240220" Time="150355">CalculateField 2024_Colby_TAPS_Sprinkler TRT_ID 8 "Python 3" # Text NO_ENFORCE_DOMAINS</Process><Process ToolSource="c:\program files\arcgis\pro\Resources\ArcToolbox\toolboxes\Data Management Tools.tbx\CalculateField" Date="20240220" Time="150402">CalculateField 2024_Colby_TAPS_Sprinkler TRT_ID 21 "Python 3" # Text NO_ENFORCE_DOMAINS</Process><Process ToolSource="c:\program files\arcgis\pro\Resources\ArcToolbox\toolboxes\Data Management Tools.tbx\CalculateField" Date="20240220" Time="150409">CalculateField 2024_Colby_TAPS_Sprinkler TRT_ID 5 "Python 3" # Text NO_ENFORCE_DOMAINS</Process><Process ToolSource="c:\program files\arcgis\pro\Resources\ArcToolbox\toolboxes\Data Management Tools.tbx\CalculateField" Date="20240220" Time="150414">CalculateField 2024_Colby_TAPS_Sprinkler TRT_ID 12 "Python 3" # Text NO_ENFORCE_DOMAINS</Process><Process ToolSource="c:\program files\arcgis\pro\Resources\ArcToolbox\toolboxes\Data Management Tools.tbx\CalculateField" Date="20240220" Time="150421">CalculateField 2024_Colby_TAPS_Sprinkler TRT_ID 28 "Python 3" # Text NO_ENFORCE_DOMAINS</Process><Process ToolSource="c:\program files\arcgis\pro\Resources\ArcToolbox\toolboxes\Data Management Tools.tbx\CalculateField" Date="20240220" Time="150427">CalculateField 2024_Colby_TAPS_Sprinkler TRT_ID 2 "Python 3" # Text NO_ENFORCE_DOMAINS</Process><Process ToolSource="c:\program files\arcgis\pro\Resources\ArcToolbox\toolboxes\Data Management Tools.tbx\CalculateField" Date="20240220" Time="150433">CalculateField 2024_Colby_TAPS_Sprinkler TRT_ID 7 "Python 3" # Text NO_ENFORCE_DOMAINS</Process><Process ToolSource="c:\program files\arcgis\pro\Resources\ArcToolbox\toolboxes\Data Management Tools.tbx\CalculateField" Date="20240220" Time="150441">CalculateField 2024_Colby_TAPS_Sprinkler TRT_ID 33 "Python 3" # Text NO_ENFORCE_DOMAINS</Process><Process ToolSource="c:\program files\arcgis\pro\Resources\ArcToolbox\toolboxes\Data Management Tools.tbx\CalculateField" Date="20240220" Time="150448">CalculateField 2024_Colby_TAPS_Sprinkler TRT_ID 34 "Python 3" # Text NO_ENFORCE_DOMAINS</Process><Process ToolSource="c:\program files\arcgis\pro\Resources\ArcToolbox\toolboxes\Data Management Tools.tbx\CalculateField" Date="20240220" Time="150454">CalculateField 2024_Colby_TAPS_Sprinkler TRT_ID 9 "Python 3" # Text NO_ENFORCE_DOMAINS</Process><Process ToolSource="c:\program files\arcgis\pro\Resources\ArcToolbox\toolboxes\Data Management Tools.tbx\CalculateField" Date="20240220" Time="150500">CalculateField 2024_Colby_TAPS_Sprinkler TRT_ID 27 "Python 3" # Text NO_ENFORCE_DOMAINS</Process><Process ToolSource="c:\program files\arcgis\pro\Resources\ArcToolbox\toolboxes\Data Management Tools.tbx\CalculateField" Date="20240220" Time="150508">CalculateField 2024_Colby_TAPS_Sprinkler TRT_ID 22 "Python 3" # Text NO_ENFORCE_DOMAINS</Process><Process ToolSource="c:\program files\arcgis\pro\Resources\ArcToolbox\toolboxes\Data Management Tools.tbx\CalculateField" Date="20240220" Time="150515">CalculateField 2024_Colby_TAPS_Sprinkler TRT_ID 29 "Python 3" # Text NO_ENFORCE_DOMAINS</Process><Process ToolSource="c:\program files\arcgis\pro\Resources\ArcToolbox\toolboxes\Data Management Tools.tbx\CalculateField" Date="20240220" Time="150523">CalculateField 2024_Colby_TAPS_Sprinkler TRT_ID 16 "Python 3" # Text NO_ENFORCE_DOMAINS</Process><Process ToolSource="c:\program files\arcgis\pro\Resources\ArcToolbox\toolboxes\Data Management Tools.tbx\CalculateField" Date="20240220" Time="150746">CalculateField 2024_Colby_TAPS_Sprinkler TRT_ID 15 "Python 3" # Text NO_ENFORCE_DOMAINS</Process><Process ToolSource="c:\program files\arcgis\pro\Resources\ArcToolbox\toolboxes\Data Management Tools.tbx\CalculateField" Date="20240220" Time="150756">CalculateField 2024_Colby_TAPS_Sprinkler TRT_ID 31 "Python 3" # Text NO_ENFORCE_DOMAINS</Process><Process ToolSource="c:\program files\arcgis\pro\Resources\ArcToolbox\toolboxes\Data Management Tools.tbx\CalculateField" Date="20240220" Time="150802">CalculateField 2024_Colby_TAPS_Sprinkler TRT_ID 23 "Python 3" # Text NO_ENFORCE_DOMAINS</Process><Process ToolSource="c:\program files\arcgis\pro\Resources\ArcToolbox\toolboxes\Data Management Tools.tbx\CalculateField" Date="20240220" Time="150808">CalculateField 2024_Colby_TAPS_Sprinkler TRT_ID 17 "Python 3" # Text NO_ENFORCE_DOMAINS</Process><Process ToolSource="c:\program files\arcgis\pro\Resources\ArcToolbox\toolboxes\Data Management Tools.tbx\CalculateField" Date="20240220" Time="150815">CalculateField 2024_Colby_TAPS_Sprinkler TRT_ID 25 "Python 3" # Text NO_ENFORCE_DOMAINS</Process><Process ToolSource="c:\program files\arcgis\pro\Resources\ArcToolbox\toolboxes\Data Management Tools.tbx\CalculateField" Date="20240220" Time="150824">CalculateField 2024_Colby_TAPS_Sprinkler TRT_ID 10 "Python 3" # Text NO_ENFORCE_DOMAINS</Process><Process ToolSource="c:\program files\arcgis\pro\Resources\ArcToolbox\toolboxes\Data Management Tools.tbx\CalculateField" Date="20240220" Time="150830">CalculateField 2024_Colby_TAPS_Sprinkler TRT_ID 14 "Python 3" # Text NO_ENFORCE_DOMAINS</Process><Process ToolSource="c:\program files\arcgis\pro\Resources\ArcToolbox\toolboxes\Data Management Tools.tbx\CalculateField" Date="20240220" Time="150842">CalculateField 2024_Colby_TAPS_Sprinkler TRT_ID 2 "Python 3" # Text NO_ENFORCE_DOMAINS</Process><Process ToolSource="c:\program files\arcgis\pro\Resources\ArcToolbox\toolboxes\Data Management Tools.tbx\CalculateField" Date="20240220" Time="150849">CalculateField 2024_Colby_TAPS_Sprinkler TRT_ID 28 "Python 3" # Text NO_ENFORCE_DOMAINS</Process><Process ToolSource="c:\program files\arcgis\pro\Resources\ArcToolbox\toolboxes\Data Management Tools.tbx\CalculateField" Date="20240220" Time="150855">CalculateField 2024_Colby_TAPS_Sprinkler TRT_ID 5 "Python 3" # Text NO_ENFORCE_DOMAINS</Process><Process ToolSource="c:\program files\arcgis\pro\Resources\ArcToolbox\toolboxes\Data Management Tools.tbx\CalculateField" Date="20240220" Time="150902">CalculateField 2024_Colby_TAPS_Sprinkler TRT_ID 11 "Python 3" # Text NO_ENFORCE_DOMAINS</Process><Process ToolSource="c:\program files\arcgis\pro\Resources\ArcToolbox\toolboxes\Data Management Tools.tbx\CalculateField" Date="20240220" Time="150908">CalculateField 2024_Colby_TAPS_Sprinkler TRT_ID 25 "Python 3" # Text NO_ENFORCE_DOMAINS</Process><Process ToolSource="c:\program files\arcgis\pro\Resources\ArcToolbox\toolboxes\Data Management Tools.tbx\CalculateField" Date="20240220" Time="150915">CalculateField 2024_Colby_TAPS_Sprinkler TRT_ID 16 "Python 3" # Text NO_ENFORCE_DOMAINS</Process><Process ToolSource="c:\program files\arcgis\pro\Resources\ArcToolbox\toolboxes\Data Management Tools.tbx\CalculateField" Date="20240220" Time="150923">CalculateField 2024_Colby_TAPS_Sprinkler TRT_ID 3 "Python 3" # Text NO_ENFORCE_DOMAINS</Process><Process ToolSource="c:\program files\arcgis\pro\Resources\ArcToolbox\toolboxes\Data Management Tools.tbx\CalculateField" Date="20240220" Time="150930">CalculateField 2024_Colby_TAPS_Sprinkler TRT_ID 23 "Python 3" # Text NO_ENFORCE_DOMAINS</Process><Process ToolSource="c:\program files\arcgis\pro\Resources\ArcToolbox\toolboxes\Data Management Tools.tbx\CalculateField" Date="20240220" Time="150937">CalculateField 2024_Colby_TAPS_Sprinkler TRT_ID 8 "Python 3" # Text NO_ENFORCE_DOMAINS</Process><Process ToolSource="c:\program files\arcgis\pro\Resources\ArcToolbox\toolboxes\Data Management Tools.tbx\CalculateField" Date="20240220" Time="150943">CalculateField 2024_Colby_TAPS_Sprinkler TRT_ID 13 "Python 3" # Text NO_ENFORCE_DOMAINS</Process><Process ToolSource="c:\program files\arcgis\pro\Resources\ArcToolbox\toolboxes\Data Management Tools.tbx\CalculateField" Date="20240220" Time="151000">CalculateField 2024_Colby_TAPS_Sprinkler TRT_ID 22 "Python 3" # Text NO_ENFORCE_DOMAINS</Process><Process ToolSource="c:\program files\arcgis\pro\Resources\ArcToolbox\toolboxes\Data Management Tools.tbx\CalculateField" Date="20240220" Time="151006">CalculateField 2024_Colby_TAPS_Sprinkler TRT_ID 33 "Python 3" # Text NO_ENFORCE_DOMAINS</Process><Process ToolSource="c:\program files\arcgis\pro\Resources\ArcToolbox\toolboxes\Data Management Tools.tbx\CalculateField" Date="20240220" Time="151013">CalculateField 2024_Colby_TAPS_Sprinkler TRT_ID 14 "Python 3" # Text NO_ENFORCE_DOMAINS</Process><Process ToolSource="c:\program files\arcgis\pro\Resources\ArcToolbox\toolboxes\Data Management Tools.tbx\CalculateField" Date="20240220" Time="151020">CalculateField 2024_Colby_TAPS_Sprinkler TRT_ID 1 "Python 3" # Text NO_ENFORCE_DOMAINS</Process><Process ToolSource="c:\program files\arcgis\pro\Resources\ArcToolbox\toolboxes\Data Management Tools.tbx\CalculateField" Date="20240220" Time="151027">CalculateField 2024_Colby_TAPS_Sprinkler TRT_ID 9 "Python 3" # Text NO_ENFORCE_DOMAINS</Process><Process ToolSource="c:\program files\arcgis\pro\Resources\ArcToolbox\toolboxes\Data Management Tools.tbx\CalculateField" Date="20240220" Time="151037">CalculateField 2024_Colby_TAPS_Sprinkler TRT_ID 31 "Python 3" # Text NO_ENFORCE_DOMAINS</Process><Process ToolSource="c:\program files\arcgis\pro\Resources\ArcToolbox\toolboxes\Data Management Tools.tbx\CalculateField" Date="20240220" Time="151046">CalculateField 2024_Colby_TAPS_Sprinkler TRT_ID 32 "Python 3" # Text NO_ENFORCE_DOMAINS</Process><Process ToolSource="c:\program files\arcgis\pro\Resources\ArcToolbox\toolboxes\Data Management Tools.tbx\CalculateField" Date="20240220" Time="151053">CalculateField 2024_Colby_TAPS_Sprinkler TRT_ID 24 "Python 3" # Text NO_ENFORCE_DOMAINS</Process><Process ToolSource="c:\program files\arcgis\pro\Resources\ArcToolbox\toolboxes\Data Management Tools.tbx\CalculateField" Date="20240220" Time="151103">CalculateField 2024_Colby_TAPS_Sprinkler TRT_ID 10 "Python 3" # Text NO_ENFORCE_DOMAINS</Process><Process ToolSource="c:\program files\arcgis\pro\Resources\ArcToolbox\toolboxes\Data Management Tools.tbx\CalculateField" Date="20240220" Time="151110">CalculateField 2024_Colby_TAPS_Sprinkler TRT_ID 34 "Python 3" # Text NO_ENFORCE_DOMAINS</Process><Process ToolSource="c:\program files\arcgis\pro\Resources\ArcToolbox\toolboxes\Data Management Tools.tbx\CalculateField" Date="20240220" Time="151116">CalculateField 2024_Colby_TAPS_Sprinkler TRT_ID 15 "Python 3" # Text NO_ENFORCE_DOMAINS</Process><Process ToolSource="c:\program files\arcgis\pro\Resources\ArcToolbox\toolboxes\Data Management Tools.tbx\CalculateField" Date="20240220" Time="151122">CalculateField 2024_Colby_TAPS_Sprinkler TRT_ID 27 "Python 3" # Text NO_ENFORCE_DOMAINS</Process><Process ToolSource="c:\program files\arcgis\pro\Resources\ArcToolbox\toolboxes\Data Management Tools.tbx\CalculateField" Date="20240220" Time="151130">CalculateField 2024_Colby_TAPS_Sprinkler TRT_ID 4 "Python 3" # Text NO_ENFORCE_DOMAINS</Process><Process ToolSource="c:\program files\arcgis\pro\Resources\ArcToolbox\toolboxes\Data Management Tools.tbx\CalculateField" Date="20240220" Time="151901">CalculateField 2024_Colby_TAPS_Sprinkler TRT_ID 20 "Python 3" # Text NO_ENFORCE_DOMAINS</Process><Process ToolSource="c:\program files\arcgis\pro\Resources\ArcToolbox\toolboxes\Data Management Tools.tbx\CalculateField" Date="20240220" Time="151912">CalculateField 2024_Colby_TAPS_Sprinkler TRT_ID 26 "Python 3" # Text NO_ENFORCE_DOMAINS</Process><Process ToolSource="c:\program files\arcgis\pro\Resources\ArcToolbox\toolboxes\Data Management Tools.tbx\CalculateField" Date="20240220" Time="151946">CalculateField 2024_Colby_TAPS_Sprinkler TRT_ID 1 "Python 3" # Text NO_ENFORCE_DOMAINS</Process><Process ToolSource="c:\program files\arcgis\pro\Resources\ArcToolbox\toolboxes\Data Management Tools.tbx\CalculateField" Date="20240220" Time="151955">CalculateField 2024_Colby_TAPS_Sprinkler TRT_ID 26 "Python 3" # Text NO_ENFORCE_DOMAINS</Process><Process ToolSource="c:\program files\arcgis\pro\Resources\ArcToolbox\toolboxes\Data Management Tools.tbx\CalculateField" Date="20240220" Time="152204">CalculateField 2024_Colby_TAPS_Sprinkler TRT_ID 4 "Python 3" # Text NO_ENFORCE_DOMAINS</Process><Process ToolSource="c:\program files\arcgis\pro\Resources\ArcToolbox\toolboxes\Data Management Tools.tbx\CalculateField" Date="20240220" Time="152212">CalculateField 2024_Colby_TAPS_Sprinkler TRT_ID 27 "Python 3" # Text NO_ENFORCE_DOMAINS</Process><Process ToolSource="c:\program files\arcgis\pro\Resources\ArcToolbox\toolboxes\Data Management Tools.tbx\CalculateField" Date="20240220" Time="152222">CalculateField 2024_Colby_TAPS_Sprinkler TRT_ID 34 "Python 3" # Text NO_ENFORCE_DOMAINS</Process><Process ToolSource="c:\program files\arcgis\pro\Resources\ArcToolbox\toolboxes\Data Management Tools.tbx\CalculateField" Date="20240220" Time="152229">CalculateField 2024_Colby_TAPS_Sprinkler TRT_ID 30 "Python 3" # Text NO_ENFORCE_DOMAINS</Process><Process ToolSource="c:\program files\arcgis\pro\Resources\ArcToolbox\toolboxes\Data Management Tools.tbx\CalculateField" Date="20240220" Time="152236">CalculateField 2024_Colby_TAPS_Sprinkler TRT_ID 7 "Python 3" # Text NO_ENFORCE_DOMAINS</Process><Process ToolSource="c:\program files\arcgis\pro\Resources\ArcToolbox\toolboxes\Data Management Tools.tbx\CalculateField" Date="20240220" Time="152241">CalculateField 2024_Colby_TAPS_Sprinkler TRT_ID 20 "Python 3" # Text NO_ENFORCE_DOMAINS</Process><Process ToolSource="c:\program files\arcgis\pro\Resources\ArcToolbox\toolboxes\Data Management Tools.tbx\CalculateField" Date="20240220" Time="152248">CalculateField 2024_Colby_TAPS_Sprinkler TRT_ID 33 "Python 3" # Text NO_ENFORCE_DOMAINS</Process><Process ToolSource="c:\program files\arcgis\pro\Resources\ArcToolbox\toolboxes\Data Management Tools.tbx\CalculateField" Date="20240220" Time="152256">CalculateField 2024_Colby_TAPS_Sprinkler TRT_ID 17 "Python 3" # Text NO_ENFORCE_DOMAINS</Process><Process ToolSource="c:\program files\arcgis\pro\Resources\ArcToolbox\toolboxes\Data Management Tools.tbx\CalculateField" Date="20240220" Time="152303">CalculateField 2024_Colby_TAPS_Sprinkler TRT_ID 1 "Python 3" # Text NO_ENFORCE_DOMAINS</Process><Process ToolSource="c:\program files\arcgis\pro\Resources\ArcToolbox\toolboxes\Data Management Tools.tbx\CalculateField" Date="20240220" Time="152308">CalculateField 2024_Colby_TAPS_Sprinkler TRT_ID 31 "Python 3" # Text NO_ENFORCE_DOMAINS</Process><Process ToolSource="c:\program files\arcgis\pro\Resources\ArcToolbox\toolboxes\Data Management Tools.tbx\CalculateField" Date="20240220" Time="152315">CalculateField 2024_Colby_TAPS_Sprinkler TRT_ID 18 "Python 3" # Text NO_ENFORCE_DOMAINS</Process><Process ToolSource="c:\program files\arcgis\pro\Resources\ArcToolbox\toolboxes\Data Management Tools.tbx\CalculateField" Date="20240220" Time="152322">CalculateField 2024_Colby_TAPS_Sprinkler TRT_ID 21 "Python 3" # Text NO_ENFORCE_DOMAINS</Process><Process ToolSource="c:\program files\arcgis\pro\Resources\ArcToolbox\toolboxes\Data Management Tools.tbx\CalculateField" Date="20240220" Time="152330">CalculateField 2024_Colby_TAPS_Sprinkler TRT_ID 14 "Python 3" # Text NO_ENFORCE_DOMAINS</Process><Process ToolSource="c:\program files\arcgis\pro\Resources\ArcToolbox\toolboxes\Data Management Tools.tbx\CalculateField" Date="20240220" Time="152335">CalculateField 2024_Colby_TAPS_Sprinkler TRT_ID 32 "Python 3" # Text NO_ENFORCE_DOMAINS</Process><Process ToolSource="c:\program files\arcgis\pro\Resources\ArcToolbox\toolboxes\Data Management Tools.tbx\CalculateField" Date="20240220" Time="152341">CalculateField 2024_Colby_TAPS_Sprinkler TRT_ID 22 "Python 3" # Text NO_ENFORCE_DOMAINS</Process><Process ToolSource="c:\program files\arcgis\pro\Resources\ArcToolbox\toolboxes\Data Management Tools.tbx\CalculateField" Date="20240220" Time="152348">CalculateField 2024_Colby_TAPS_Sprinkler TRT_ID 29 "Python 3" # Text NO_ENFORCE_DOMAINS</Process><Process ToolSource="c:\program files\arcgis\pro\Resources\ArcToolbox\toolboxes\Data Management Tools.tbx\CalculateField" Date="20240220" Time="152355">CalculateField 2024_Colby_TAPS_Sprinkler TRT_ID 16 "Python 3" # Text NO_ENFORCE_DOMAINS</Process><Process ToolSource="c:\program files\arcgis\pro\Resources\ArcToolbox\toolboxes\Data Management Tools.tbx\CalculateField" Date="20240220" Time="152403">CalculateField 2024_Colby_TAPS_Sprinkler TRT_ID 3 "Python 3" # Text NO_ENFORCE_DOMAINS</Process><Process ToolSource="c:\program files\arcgis\pro\Resources\ArcToolbox\toolboxes\Data Management Tools.tbx\CalculateField" Date="20240220" Time="152407">CalculateField 2024_Colby_TAPS_Sprinkler TRT_ID 6 "Python 3" # Text NO_ENFORCE_DOMAINS</Process><Process ToolSource="c:\program files\arcgis\pro\Resources\ArcToolbox\toolboxes\Data Management Tools.tbx\CalculateField" Date="20240220" Time="152419">CalculateField 2024_Colby_TAPS_Sprinkler TRT_ID 12 "Python 3" # Text NO_ENFORCE_DOMAINS</Process><Process ToolSource="c:\program files\arcgis\pro\Resources\ArcToolbox\toolboxes\Data Management Tools.tbx\CalculateField" Date="20240220" Time="152429">CalculateField 2024_Colby_TAPS_Sprinkler TRT_ID 26 "Python 3" # Text NO_ENFORCE_DOMAINS</Process><Process ToolSource="c:\program files\arcgis\pro\Resources\ArcToolbox\toolboxes\Data Management Tools.tbx\CalculateField" Date="20240220" Time="152434">CalculateField 2024_Colby_TAPS_Sprinkler TRT_ID 5 "Python 3" # Text NO_ENFORCE_DOMAINS</Process><Process ToolSource="c:\program files\arcgis\pro\Resources\ArcToolbox\toolboxes\Data Management Tools.tbx\CalculateField" Date="20240220" Time="152442">CalculateField 2024_Colby_TAPS_Sprinkler TRT_ID 13 "Python 3" # Text NO_ENFORCE_DOMAINS</Process><Process ToolSource="c:\program files\arcgis\pro\Resources\ArcToolbox\toolboxes\Data Management Tools.tbx\CalculateField" Date="20240220" Time="152450">CalculateField 2024_Colby_TAPS_Sprinkler TRT_ID 19 "Python 3" # Text NO_ENFORCE_DOMAINS</Process><Process ToolSource="c:\program files\arcgis\pro\Resources\ArcToolbox\toolboxes\Data Management Tools.tbx\CalculateField" Date="20240220" Time="152455">CalculateField 2024_Colby_TAPS_Sprinkler TRT_ID 12 "Python 3" # Text NO_ENFORCE_DOMAINS</Process><Process ToolSource="c:\program files\arcgis\pro\Resources\ArcToolbox\toolboxes\Data Management Tools.tbx\CalculateField" Date="20240220" Time="152500">CalculateField 2024_Colby_TAPS_Sprinkler TRT_ID 2 "Python 3" # Text NO_ENFORCE_DOMAINS</Process><Process ToolSource="c:\program files\arcgis\pro\Resources\ArcToolbox\toolboxes\Data Management Tools.tbx\CalculateField" Date="20240220" Time="152514">CalculateField 2024_Colby_TAPS_Sprinkler TRT_ID 35 "Python 3" # Text NO_ENFORCE_DOMAINS</Process><Process ToolSource="c:\program files\arcgis\pro\Resources\ArcToolbox\toolboxes\Data Management Tools.tbx\CalculateField" Date="20240220" Time="152521">CalculateField 2024_Colby_TAPS_Sprinkler TRT_ID 24 "Python 3" # Text NO_ENFORCE_DOMAINS</Process><Process ToolSource="c:\program files\arcgis\pro\Resources\ArcToolbox\toolboxes\Data Management Tools.tbx\CalculateField" Date="20240220" Time="152527">CalculateField 2024_Colby_TAPS_Sprinkler TRT_ID 12 "Python 3" # Text NO_ENFORCE_DOMAINS</Process><Process ToolSource="c:\program files\arcgis\pro\Resources\ArcToolbox\toolboxes\Data Management Tools.tbx\CalculateField" Date="20240220" Time="152534">CalculateField 2024_Colby_TAPS_Sprinkler TRT_ID 26 "Python 3" # Text NO_ENFORCE_DOMAINS</Process><Process ToolSource="c:\program files\arcgis\pro\Resources\ArcToolbox\toolboxes\Data Management Tools.tbx\CalculateField" Date="20240220" Time="152542">CalculateField 2024_Colby_TAPS_Sprinkler TRT_ID 27 "Python 3" # Text NO_ENFORCE_DOMAINS</Process><Process ToolSource="c:\program files\arcgis\pro\Resources\ArcToolbox\toolboxes\Data Management Tools.tbx\CalculateField" Date="20240220" Time="152549">CalculateField 2024_Colby_TAPS_Sprinkler TRT_ID 15 "Python 3" # Text NO_ENFORCE_DOMAINS</Process><Process ToolSource="c:\program files\arcgis\pro\Resources\ArcToolbox\toolboxes\Data Management Tools.tbx\CalculateField" Date="20240220" Time="152556">CalculateField 2024_Colby_TAPS_Sprinkler TRT_ID 29 "Python 3" # Text NO_ENFORCE_DOMAINS</Process><Process ToolSource="c:\program files\arcgis\pro\Resources\ArcToolbox\toolboxes\Data Management Tools.tbx\CalculateField" Date="20240220" Time="152602">CalculateField 2024_Colby_TAPS_Sprinkler TRT_ID 19 "Python 3" # Text NO_ENFORCE_DOMAINS</Process><Process ToolSource="c:\program files\arcgis\pro\Resources\ArcToolbox\toolboxes\Data Management Tools.tbx\CalculateField" Date="20240220" Time="152609">CalculateField 2024_Colby_TAPS_Sprinkler TRT_ID 4 "Python 3" # Text NO_ENFORCE_DOMAINS</Process><Process ToolSource="c:\program files\arcgis\pro\Resources\ArcToolbox\toolboxes\Data Management Tools.tbx\CalculateField" Date="20240220" Time="152614">CalculateField 2024_Colby_TAPS_Sprinkler TRT_ID 10 "Python 3" # Text NO_ENFORCE_DOMAINS</Process><Process ToolSource="c:\program files\arcgis\pro\Resources\ArcToolbox\toolboxes\Data Management Tools.tbx\CalculateField" Date="20240220" Time="152626">CalculateField 2024_Colby_TAPS_Sprinkler TRT_ID 6 "Python 3" # Text NO_ENFORCE_DOMAINS</Process><Process ToolSource="c:\program files\arcgis\pro\Resources\ArcToolbox\toolboxes\Data Management Tools.tbx\CalculateField" Date="20240220" Time="152631">CalculateField 2024_Colby_TAPS_Sprinkler TRT_ID 9 "Python 3" # Text NO_ENFORCE_DOMAINS</Process><Process ToolSource="c:\program files\arcgis\pro\Resources\ArcToolbox\toolboxes\Data Management Tools.tbx\CalculateField" Date="20240220" Time="152638">CalculateField 2024_Colby_TAPS_Sprinkler TRT_ID 23 "Python 3" # Text NO_ENFORCE_DOMAINS</Process><Process ToolSource="c:\program files\arcgis\pro\Resources\ArcToolbox\toolboxes\Data Management Tools.tbx\CalculateField" Date="20240220" Time="152647">CalculateField 2024_Colby_TAPS_Sprinkler TRT_ID 18 "Python 3" # Text NO_ENFORCE_DOMAINS</Process><Process ToolSource="c:\program files\arcgis\pro\Resources\ArcToolbox\toolboxes\Data Management Tools.tbx\CalculateField" Date="20240220" Time="152653">CalculateField 2024_Colby_TAPS_Sprinkler TRT_ID 25 "Python 3" # Text NO_ENFORCE_DOMAINS</Process><Process ToolSource="c:\program files\arcgis\pro\Resources\ArcToolbox\toolboxes\Data Management Tools.tbx\CalculateField" Date="20240220" Time="152700">CalculateField 2024_Colby_TAPS_Sprinkler TRT_ID 7 "Python 3" # Text NO_ENFORCE_DOMAINS</Process><Process ToolSource="c:\program files\arcgis\pro\Resources\ArcToolbox\toolboxes\Data Management Tools.tbx\CalculateField" Date="20240220" Time="152705">CalculateField 2024_Colby_TAPS_Sprinkler TRT_ID 11 "Python 3" # Text NO_ENFORCE_DOMAINS</Process><Process ToolSource="c:\program files\arcgis\pro\Resources\ArcToolbox\toolboxes\Data Management Tools.tbx\CalculateField" Date="20240220" Time="152712">CalculateField 2024_Colby_TAPS_Sprinkler TRT_ID 20 "Python 3" # Text NO_ENFORCE_DOMAINS</Process><Process ToolSource="c:\program files\arcgis\pro\Resources\ArcToolbox\toolboxes\Data Management Tools.tbx\CalculateField" Date="20240220" Time="152719">CalculateField 2024_Colby_TAPS_Sprinkler TRT_ID 17 "Python 3" # Text NO_ENFORCE_DOMAINS</Process><Process ToolSource="c:\program files\arcgis\pro\Resources\ArcToolbox\toolboxes\Data Management Tools.tbx\CalculateField" Date="20240220" Time="152725">CalculateField 2024_Colby_TAPS_Sprinkler TRT_ID 8 "Python 3" # Text NO_ENFORCE_DOMAINS</Process><Process ToolSource="c:\program files\arcgis\pro\Resources\ArcToolbox\toolboxes\Data Management Tools.tbx\CalculateField" Date="20240220" Time="152731">CalculateField 2024_Colby_TAPS_Sprinkler TRT_ID 28 "Python 3" # Text NO_ENFORCE_DOMAINS</Process><Process ToolSource="c:\program files\arcgis\pro\Resources\ArcToolbox\toolboxes\Data Management Tools.tbx\CalculateField" Date="20240220" Time="152737">CalculateField 2024_Colby_TAPS_Sprinkler TRT_ID 21 "Python 3" # Text NO_ENFORCE_DOMAINS</Process><Process ToolSource="c:\program files\arcgis\pro\Resources\ArcToolbox\toolboxes\Data Management Tools.tbx\CalculateField" Date="20240220" Time="152743">CalculateField 2024_Colby_TAPS_Sprinkler TRT_ID 30 "Python 3" # Text NO_ENFORCE_DOMAINS</Process><Process ToolSource="c:\program files\arcgis\pro\Resources\ArcToolbox\toolboxes\Conversion Tools.tbx\ExportFeatures" Date="20240220" Time="152835">ExportFeatures 2024_Colby_TAPS_Sprinkler C:\Users\daran\Dropbox\RIT-Files\Projects\Research_Projects\Colby_TAPS\2024\Management\Layout\2024_Colby_TAPS_Irrig-Zones.shp # NOT_USE_ALIAS "Name "Name" true true false 60 Text 0 0,First,#,2024_Colby_TAPS_Sprinkler,Name,0,60;Block_ID "Block_ID" true true false 10 Long 0 10,First,#,2024_Colby_TAPS_Sprinkler,Block_ID,-1,-1;TRT_ID "TRT_ID" true true false 10 Long 0 10,First,#,2024_Colby_TAPS_Sprinkler,TRT_ID,-1,-1;Zone_No "Zone_No" true true false 5 Long 0 5,First,#,2024_Colby_TAPS_Sprinkler,Zone_No,-1,-1" #</Process><Process ToolSource="c:\program files\arcgis\pro\Resources\ArcToolbox\toolboxes\Data Management Tools.tbx\Rename" Date="20240220" Time="153252">Rename C:\Users\daran\Dropbox\RIT-Files\Projects\Research_Projects\Colby_TAPS\2024\Management\Layout\2024_Colby_TAPS_Irrig-Zones.shp C:\Users\daran\Dropbox\RIT-Files\Projects\Research_Projects\Colby_TAPS\2024\Management\Layout\2024_Colby_TAPS_Plots.shp ShapeFile</Process><Process ToolSource="c:\program files\arcgis\pro\Resources\ArcToolbox\toolboxes\Conversion Tools.tbx\ExportFeatures" Date="20240412" Time="104021">ExportFeatures 2024_Colby_TAPS_Plots C:\Users\daran\Dropbox\RIT-Files\Projects\Research_Projects\Colby_TAPS\2024\Management\Layout\2024_Colby_TAPS_Planting_Plots.shp # NOT_USE_ALIAS "Name "Name" true true false 60 Text 0 0,First,#,2024_Colby_TAPS_Plots,Name,0,60;Block_ID "Block_ID" true true false 10 Long 0 10,First,#,2024_Colby_TAPS_Plots,Block_ID,-1,-1;TRT_ID "TRT_ID" true true false 10 Long 0 10,First,#,2024_Colby_TAPS_Plots,TRT_ID,-1,-1;Zone_No "Zone_No" true true false 5 Long 0 5,First,#,2024_Colby_TAPS_Plots,Zone_No,-1,-1" #</Process><Process ToolSource="c:\program files\arcgis\pro\Resources\ArcToolbox\Toolboxes\Data Management Tools.tbx\UpdateSchema" Date="20240430" Time="103153">UpdateSchema "CIMDATA=&lt;CIMStandardDataConnection xsi:type='typens:CIMStandardDataConnection' xmlns:xsi='http://www.w3.org/2001/XMLSchema-instance' xmlns:xs='http://www.w3.org/2001/XMLSchema' xmlns:typens='http://www.esri.com/schemas/ArcGIS/3.1.0'&gt;&lt;WorkspaceConnectionString&gt;DATABASE=C:\Users\daran\Dropbox\RIT-Files\Projects\Research_Projects\Colby_TAPS\2024\Management\Layout&lt;/WorkspaceConnectionString&gt;&lt;WorkspaceFactory&gt;Shapefile&lt;/WorkspaceFactory&gt;&lt;Dataset&gt;2024_Colby_TAPS_Planting_Plots&lt;/Dataset&gt;&lt;DatasetType&gt;esriDTFeatureClass&lt;/DatasetType&gt;&lt;/CIMStandardDataConnection&gt;" &lt;operationSequence&gt;&lt;workflow&gt;&lt;AddField&gt;&lt;field_name&gt;Area&lt;/field_name&gt;&lt;field_type&gt;LONG&lt;/field_type&gt;&lt;field_is_nullable&gt;False&lt;/field_is_nullable&gt;&lt;field_is_required&gt;False&lt;/field_is_required&gt;&lt;/AddField&gt;&lt;/workflow&gt;&lt;/operationSequence&gt;</Process><Process ToolSource="c:\program files\arcgis\pro\Resources\ArcToolbox\toolboxes\Data Management Tools.tbx\CalculateGeometryAttributes" Date="20240430" Time="103302">CalculateGeometryAttributes 2024_Colby_TAPS_Planting_Plots "Area AREA_GEODESIC" # "Square International Feet" GEOGCS["GCS_WGS_1984",DATUM["D_WGS_1984",SPHEROID["WGS_1984",6378137.0,298.257223563]],PRIMEM["Greenwich",0.0],UNIT["Degree",0.0174532925199433]] "Same as input"</Process><Process ToolSource="c:\program files\arcgis\pro\Resources\ArcToolbox\toolboxes\Data Management Tools.tbx\DeleteField" Date="20240430" Time="103506">DeleteField 2024_Colby_TAPS_Planting_Plots Area "Delete Fields"</Process><Process ToolSource="c:\program files\arcgis\pro\Resources\ArcToolbox\toolboxes\Data Management Tools.tbx\UpdateSchema" Date="20240430" Time="112751">UpdateSchema "CIMDATA=&lt;CIMStandardDataConnection xsi:type='typens:CIMStandardDataConnection' xmlns:xsi='http://www.w3.org/2001/XMLSchema-instance' xmlns:xs='http://www.w3.org/2001/XMLSchema' xmlns:typens='http://www.esri.com/schemas/ArcGIS/3.1.0'&gt;&lt;WorkspaceConnectionString&gt;DATABASE=C:\Users\daran\Dropbox\RIT-Files\Projects\Research_Projects\Colby_TAPS\2024\Management\Layout&lt;/WorkspaceConnectionString&gt;&lt;WorkspaceFactory&gt;Shapefile&lt;/WorkspaceFactory&gt;&lt;Dataset&gt;2024_Colby_TAPS_Planting_Plots&lt;/Dataset&gt;&lt;DatasetType&gt;esriDTFeatureClass&lt;/DatasetType&gt;&lt;/CIMStandardDataConnection&gt;" &lt;operationSequence&gt;&lt;workflow&gt;&lt;AddField&gt;&lt;field_name&gt;Hybrid&lt;/field_name&gt;&lt;field_type&gt;TEXT&lt;/field_type&gt;&lt;field_length&gt;255&lt;/field_length&gt;&lt;field_is_nullable&gt;False&lt;/field_is_nullable&gt;&lt;field_is_required&gt;False&lt;/field_is_required&gt;&lt;/AddField&gt;&lt;/workflow&gt;&lt;workflow&gt;&lt;AddField&gt;&lt;field_name&gt;Pop&lt;/field_name&gt;&lt;field_type&gt;LONG&lt;/field_type&gt;&lt;field_is_nullable&gt;False&lt;/field_is_nullable&gt;&lt;field_is_required&gt;False&lt;/field_is_required&gt;&lt;/AddField&gt;&lt;/workflow&gt;&lt;workflow&gt;&lt;AddField&gt;&lt;field_name&gt;Pl_UAN32&lt;/field_name&gt;&lt;field_type&gt;DOUBLE&lt;/field_type&gt;&lt;field_is_nullable&gt;False&lt;/field_is_nullable&gt;&lt;field_is_required&gt;False&lt;/field_is_required&gt;&lt;/AddField&gt;&lt;/workflow&gt;&lt;/operationSequence&gt;</Process><Process ToolSource="c:\program files\arcgis\pro\Resources\ArcToolbox\toolboxes\Data Management Tools.tbx\CalculateField" Date="20240430" Time="113617">CalculateField 2024_Colby_TAPS_Planting_Plots Hybrid "Channel 200-48VT2PRIB" "Python 3" # Text NO_ENFORCE_DOMAINS</Process><Process ToolSource="c:\program files\arcgis\pro\Resources\ArcToolbox\toolboxes\Data Management Tools.tbx\CalculateField" Date="20240430" Time="113649">CalculateField 2024_Colby_TAPS_Planting_Plots Hybrid "Channel 213-19VT2" "Python 3" # Text NO_ENFORCE_DOMAINS</Process><Process ToolSource="c:\program files\arcgis\pro\Resources\ArcToolbox\toolboxes\Data Management Tools.tbx\CalculateField" Date="20240430" Time="114120">CalculateField 2024_Colby_TAPS_Planting_Plots Hybrid "Brevant B04Z92AM" "Python 3" # Text NO_ENFORCE_DOMAINS</Process><Process ToolSource="c:\program files\arcgis\pro\Resources\ArcToolbox\toolboxes\Data Management Tools.tbx\CalculateField" Date="20240430" Time="120253">CalculateField 2024_Colby_TAPS_Planting_Plots Pop 28000 "Python 3" # Text NO_ENFORCE_DOMAINS</Process><Process ToolSource="c:\program files\arcgis\pro\Resources\ArcToolbox\toolboxes\Data Management Tools.tbx\CalculateField" Date="20240430" Time="120851">CalculateField 2024_Colby_TAPS_Planting_Plots Pop 28000 "Python 3" # Text NO_ENFORCE_DOMAINS</Process><Process ToolSource="c:\program files\arcgis\pro\Resources\ArcToolbox\toolboxes\Data Management Tools.tbx\CalculateField" Date="20240430" Time="120956">CalculateField 2024_Colby_TAPS_Planting_Plots Pl_UAN32 22.60 "Python 3" # Text NO_ENFORCE_DOMAINS</Process><Process ToolSource="c:\program files\arcgis\pro\Resources\ArcToolbox\toolboxes\Data Management Tools.tbx\CalculateField" Date="20240430" Time="121028">CalculateField 2024_Colby_TAPS_Planting_Plots Pl_UAN32 0 "Python 3" # Text NO_ENFORCE_DOMAINS</Process><Process ToolSource="c:\program files\arcgis\pro\Resources\ArcToolbox\toolboxes\Data Management Tools.tbx\CalculateField" Date="20240430" Time="121104">CalculateField 2024_Colby_TAPS_Planting_Plots Pl_UAN32 16.38 "Python 3" # Text NO_ENFORCE_DOMAINS</Process><Process ToolSource="c:\program files\arcgis\pro\Resources\ArcToolbox\toolboxes\Data Management Tools.tbx\CalculateField" Date="20240430" Time="121128">CalculateField 2024_Colby_TAPS_Planting_Plots Pl_UAN32 8.47 "Python 3" # Text NO_ENFORCE_DOMAINS</Process><Process ToolSource="c:\program files\arcgis\pro\Resources\ArcToolbox\toolboxes\Data Management Tools.tbx\CalculateField" Date="20240430" Time="121152">CalculateField 2024_Colby_TAPS_Planting_Plots Pl_UAN32 16.95 "Python 3" # Text NO_ENFORCE_DOMAINS</Process><Process ToolSource="c:\program files\arcgis\pro\Resources\ArcToolbox\toolboxes\Data Management Tools.tbx\CalculateField" Date="20240430" Time="121217">CalculateField 2024_Colby_TAPS_Planting_Plots Pl_UAN32 39.55 "Python 3" # Text NO_ENFORCE_DOMAINS</Process><Process ToolSource="c:\program files\arcgis\pro\Resources\ArcToolbox\toolboxes\Data Management Tools.tbx\CalculateField" Date="20240430" Time="121239">CalculateField 2024_Colby_TAPS_Planting_Plots Pl_UAN32 50.85 "Python 3" # Text NO_ENFORCE_DOMAINS</Process><Process ToolSource="c:\program files\arcgis\pro\Resources\ArcToolbox\toolboxes\Data Management Tools.tbx\CalculateField" Date="20240430" Time="121310">CalculateField 2024_Colby_TAPS_Planting_Plots Pl_UAN32 28.25 "Python 3" # Text NO_ENFORCE_DOMAINS</Process><Process ToolSource="c:\program files\arcgis\pro\Resources\ArcToolbox\toolboxes\Data Management Tools.tbx\CalculateField" Date="20240430" Time="121335">CalculateField 2024_Colby_TAPS_Planting_Plots Pl_UAN32 45.20 "Python 3" # Text NO_ENFORCE_DOMAINS</Process><Process ToolSource="c:\program files\arcgis\pro\Resources\ArcToolbox\toolboxes\Data Management Tools.tbx\CalculateField" Date="20240430" Time="121401">CalculateField 2024_Colby_TAPS_Planting_Plots Pl_UAN32 8.47 "Python 3" # Text NO_ENFORCE_DOMAINS</Process><Process ToolSource="c:\program files\arcgis\pro\Resources\ArcToolbox\toolboxes\Data Management Tools.tbx\CalculateField" Date="20240430" Time="121712">CalculateField 2024_Colby_TAPS_Planting_Plots Pl_UAN32 21.19 "Python 3" # Text NO_ENFORCE_DOMAINS</Process><Process ToolSource="c:\program files\arcgis\pro\Resources\ArcToolbox\toolboxes\Data Management Tools.tbx\CalculateField" Date="20240430" Time="121734">CalculateField 2024_Colby_TAPS_Planting_Plots Pl_UAN32 33.90 "Python 3" # Text NO_ENFORCE_DOMAINS</Process><Process ToolSource="c:\program files\arcgis\pro\Resources\ArcToolbox\toolboxes\Data Management Tools.tbx\CalculateField" Date="20240430" Time="121803">CalculateField 2024_Colby_TAPS_Planting_Plots Pl_UAN32 25.42 "Python 3" # Text NO_ENFORCE_DOMAINS</Process><Process ToolSource="c:\program files\arcgis\pro\Resources\ArcToolbox\toolboxes\Data Management Tools.tbx\CalculateField" Date="20240430" Time="121853">CalculateField 2024_Colby_TAPS_Planting_Plots Pl_UAN32 50.85 "Python 3" # Text NO_ENFORCE_DOMAINS</Process><Process ToolSource="c:\program files\arcgis\pro\Resources\ArcToolbox\toolboxes\Data Management Tools.tbx\CalculateField" Date="20240430" Time="121919">CalculateField 2024_Colby_TAPS_Planting_Plots Pl_UAN32 19.77 "Python 3" # Text NO_ENFORCE_DOMAINS</Process><Process ToolSource="c:\program files\arcgis\pro\Resources\ArcToolbox\toolboxes\Data Management Tools.tbx\CalculateField" Date="20240430" Time="122436">CalculateField 2024_Colby_TAPS_Planting_Plots Pl_UAN32 8.47 "Python 3" # Text NO_ENFORCE_DOMAINS</Process><Process ToolSource="c:\program files\arcgis\pro\Resources\ArcToolbox\toolboxes\Conversion Tools.tbx\ExportFeatures" Date="20240430" Time="154817">ExportFeatures 2024_Colby_TAPS_Planting_Plots C:\Users\daran\Dropbox\RIT-Files\Projects\Research_Projects\Colby_TAPS\2024\Management\Shared_Items\Ceres_Imaging\2024_KSU-TAPS.shp # NOT_USE_ALIAS "Name "Name" true true false 60 Text 0 0,First,#,2024_Colby_TAPS_Planting_Plots,Name,0,60;Block_ID "Block_ID" true true false 10 Long 0 10,First,#,2024_Colby_TAPS_Planting_Plots,Block_ID,-1,-1;TRT_ID "TRT_ID" true true false 10 Long 0 10,First,#,2024_Colby_TAPS_Planting_Plots,TRT_ID,-1,-1;Zone_No "Zone_No" true true false 5 Long 0 5,First,#,2024_Colby_TAPS_Planting_Plots,Zone_No,-1,-1;Hybrid "Hybrid" true true false 254 Text 0 0,First,#,2024_Colby_TAPS_Planting_Plots,Hybrid,0,254;Pop "Pop" true true false 10 Long 0 10,First,#,2024_Colby_TAPS_Planting_Plots,Pop,-1,-1;Pl_UAN32 "Pl_UAN32" true true false 19 Double 0 0,First,#,2024_Colby_TAPS_Planting_Plots,Pl_UAN32,-1,-1" #</Process><Process ToolSource="c:\program files\arcgis\pro\Resources\ArcToolbox\toolboxes\Data Management Tools.tbx\DeleteField" Date="20240430" Time="155440">DeleteField 2024_KSU-TAPS Hybrid "Delete Fields"</Process><Process ToolSource="c:\program files\arcgis\pro\Resources\ArcToolbox\toolboxes\Data Management Tools.tbx\DeleteField" Date="20240430" Time="155448">DeleteField 2024_KSU-TAPS Pop "Delete Fields"</Process><Process ToolSource="c:\program files\arcgis\pro\Resources\ArcToolbox\toolboxes\Data Management Tools.tbx\DeleteField" Date="20240430" Time="155453">DeleteField 2024_KSU-TAPS Pl_UAN32 "Delete Fields"</Process><Process ToolSource="c:\program files\arcgis\pro\Resources\ArcToolbox\toolboxes\Data Management Tools.tbx\UpdateSchema" Date="20240805" Time="132606">UpdateSchema "CIMDATA=&lt;CIMStandardDataConnection xsi:type='typens:CIMStandardDataConnection' xmlns:xsi='http://www.w3.org/2001/XMLSchema-instance' xmlns:xs='http://www.w3.org/2001/XMLSchema' xmlns:typens='http://www.esri.com/schemas/ArcGIS/3.1.0'&gt;&lt;WorkspaceConnectionString&gt;DATABASE=C:\Users\daran\Dropbox\RIT-Files\Projects\Research_Projects\Colby_TAPS\2024\Management\Shared_Items\Ceres_Imaging&lt;/WorkspaceConnectionString&gt;&lt;WorkspaceFactory&gt;Shapefile&lt;/WorkspaceFactory&gt;&lt;Dataset&gt;2024_KSU-TAPS&lt;/Dataset&gt;&lt;DatasetType&gt;esriDTFeatureClass&lt;/DatasetType&gt;&lt;/CIMStandardDataConnection&gt;" &lt;operationSequence&gt;&lt;workflow&gt;&lt;AddField&gt;&lt;field_name&gt;Temp&lt;/field_name&gt;&lt;field_type&gt;DOUBLE&lt;/field_type&gt;&lt;field_is_nullable&gt;False&lt;/field_is_nullable&gt;&lt;field_is_required&gt;False&lt;/field_is_required&gt;&lt;/AddField&gt;&lt;/workflow&gt;&lt;/operationSequence&gt;</Process><Process ToolSource="c:\program files\arcgis\pro\Resources\ArcToolbox\toolboxes\Data Management Tools.tbx\DeleteField" Date="20240805" Time="132819">DeleteField 2024_KSU-TAPS-Ceres Temp "Delete Fields"</Process><Process ToolSource="c:\program files\arcgis\pro\Resources\ArcToolbox\toolboxes\Data Management Tools.tbx\UpdateSchema" Date="20240805" Time="132832">UpdateSchema "CIMDATA=&lt;CIMStandardDataConnection xsi:type='typens:CIMStandardDataConnection' xmlns:xsi='http://www.w3.org/2001/XMLSchema-instance' xmlns:xs='http://www.w3.org/2001/XMLSchema' xmlns:typens='http://www.esri.com/schemas/ArcGIS/3.1.0'&gt;&lt;WorkspaceConnectionString&gt;DATABASE=C:\Users\daran\Dropbox\RIT-Files\Projects\Research_Projects\Colby_TAPS\2024\Management\Shared_Items\Ceres_Imaging&lt;/WorkspaceConnectionString&gt;&lt;WorkspaceFactory&gt;Shapefile&lt;/WorkspaceFactory&gt;&lt;Dataset&gt;2024_KSU-TAPS&lt;/Dataset&gt;&lt;DatasetType&gt;esriDTFeatureClass&lt;/DatasetType&gt;&lt;/CIMStandardDataConnection&gt;" &lt;operationSequence&gt;&lt;workflow&gt;&lt;AddField&gt;&lt;field_name&gt;Plot_ID&lt;/field_name&gt;&lt;field_type&gt;LONG&lt;/field_type&gt;&lt;field_is_nullable&gt;False&lt;/field_is_nullable&gt;&lt;field_is_required&gt;False&lt;/field_is_required&gt;&lt;/AddField&gt;&lt;/workflow&gt;&lt;/operationSequence&gt;</Process><Process ToolSource="c:\program files\arcgis\pro\Resources\ArcToolbox\toolboxes\Data Management Tools.tbx\DeleteField" Date="20240805" Time="132944">DeleteField 2024_KSU-TAPS-Ceres Plot_ID "Delete Fields"</Process><Process ToolSource="c:\program files\arcgis\pro\Resources\ArcToolbox\toolboxes\Data Management Tools.tbx\UpdateSchema" Date="20240805" Time="133248">UpdateSchema "CIMDATA=&lt;CIMStandardDataConnection xsi:type='typens:CIMStandardDataConnection' xmlns:xsi='http://www.w3.org/2001/XMLSchema-instance' xmlns:xs='http://www.w3.org/2001/XMLSchema' xmlns:typens='http://www.esri.com/schemas/ArcGIS/3.1.0'&gt;&lt;WorkspaceConnectionString&gt;DATABASE=C:\Users\daran\Dropbox\RIT-Files\Projects\Research_Projects\Colby_TAPS\2024\Management\Shared_Items\Ceres_Imaging&lt;/WorkspaceConnectionString&gt;&lt;WorkspaceFactory&gt;Shapefile&lt;/WorkspaceFactory&gt;&lt;Dataset&gt;2024_KSU-TAPS&lt;/Dataset&gt;&lt;DatasetType&gt;esriDTFeatureClass&lt;/DatasetType&gt;&lt;/CIMStandardDataConnection&gt;" &lt;operationSequence&gt;&lt;workflow&gt;&lt;AddField&gt;&lt;field_name&gt;Column&lt;/field_name&gt;&lt;field_type&gt;LONG&lt;/field_type&gt;&lt;field_is_nullable&gt;False&lt;/field_is_nullable&gt;&lt;field_is_required&gt;False&lt;/field_is_required&gt;&lt;/AddField&gt;&lt;/workflow&gt;&lt;/operationSequence&gt;</Process><Process ToolSource="c:\program files\arcgis\pro\Resources\ArcToolbox\toolboxes\Data Management Tools.tbx\UpdateSchema" Date="20240805" Time="133300">UpdateSchema "CIMDATA=&lt;CIMStandardDataConnection xsi:type='typens:CIMStandardDataConnection' xmlns:xsi='http://www.w3.org/2001/XMLSchema-instance' xmlns:xs='http://www.w3.org/2001/XMLSchema' xmlns:typens='http://www.esri.com/schemas/ArcGIS/3.1.0'&gt;&lt;WorkspaceConnectionString&gt;DATABASE=C:\Users\daran\Dropbox\RIT-Files\Projects\Research_Projects\Colby_TAPS\2024\Management\Shared_Items\Ceres_Imaging&lt;/WorkspaceConnectionString&gt;&lt;WorkspaceFactory&gt;Shapefile&lt;/WorkspaceFactory&gt;&lt;Dataset&gt;2024_KSU-TAPS&lt;/Dataset&gt;&lt;DatasetType&gt;esriDTFeatureClass&lt;/DatasetType&gt;&lt;/CIMStandardDataConnection&gt;" &lt;operationSequence&gt;&lt;workflow&gt;&lt;AddField&gt;&lt;field_name&gt;Plot_ID&lt;/field_name&gt;&lt;field_type&gt;LONG&lt;/field_type&gt;&lt;field_is_nullable&gt;False&lt;/field_is_nullable&gt;&lt;field_is_required&gt;False&lt;/field_is_required&gt;&lt;/AddField&gt;&lt;/workflow&gt;&lt;/operationSequence&gt;</Process><Process ToolSource="c:\program files\arcgis\pro\Resources\ArcToolbox\toolboxes\Data Management Tools.tbx\CalculateField" Date="20240805" Time="133352">CalculateField 2024_KSU-TAPS-Ceres Column 1 "Python 3" # Text NO_ENFORCE_DOMAINS</Process><Process ToolSource="c:\program files\arcgis\pro\Resources\ArcToolbox\toolboxes\Data Management Tools.tbx\CalculateField" Date="20240805" Time="133359">CalculateField 2024_KSU-TAPS-Ceres Column 2 "Python 3" # Text NO_ENFORCE_DOMAINS</Process><Process ToolSource="c:\program files\arcgis\pro\Resources\ArcToolbox\toolboxes\Data Management Tools.tbx\CalculateField" Date="20240805" Time="133406">CalculateField 2024_KSU-TAPS-Ceres Column 3 "Python 3" # Text NO_ENFORCE_DOMAINS</Process><Process ToolSource="c:\program files\arcgis\pro\Resources\ArcToolbox\toolboxes\Data Management Tools.tbx\CalculateField" Date="20240805" Time="133413">CalculateField 2024_KSU-TAPS-Ceres Column 4 "Python 3" # Text NO_ENFORCE_DOMAINS</Process><Process ToolSource="c:\program files\arcgis\pro\Resources\ArcToolbox\toolboxes\Data Management Tools.tbx\CalculateField" Date="20240805" Time="133419">CalculateField 2024_KSU-TAPS-Ceres Column 5 "Python 3" # Text NO_ENFORCE_DOMAINS</Process><Process ToolSource="c:\program files\arcgis\pro\Resources\ArcToolbox\toolboxes\Data Management Tools.tbx\CalculateField" Date="20240805" Time="133426">CalculateField 2024_KSU-TAPS-Ceres Column 6 "Python 3" # Text NO_ENFORCE_DOMAINS</Process><Process ToolSource="c:\program files\arcgis\pro\Resources\ArcToolbox\toolboxes\Data Management Tools.tbx\CalculateField" Date="20240805" Time="133454">CalculateField 2024_KSU-TAPS-Ceres Plot_ID (!Zone_No! * 100)+!Column! "Python 3" # Text NO_ENFORCE_DOMAINS</Process><Process ToolSource="c:\program files\arcgis\pro\Resources\ArcToolbox\toolboxes\Conversion Tools.tbx\ExportFeatures" Date="20240916" Time="172013">ExportFeatures 2024_KSU-TAPS-Ceres C:\Users\daran\Dropbox\RIT-Files\Projects\Research_Projects\Colby_TAPS\2024\Management\Layout\2024_Colby_TAPS_Harvest_Area.shp # NOT_USE_ALIAS "Name "Name" true true false 60 Text 0 0,First,#,2024_KSU-TAPS-Ceres,Name,0,60;Block_ID "Block_ID" true true false 10 Long 0 10,First,#,2024_KSU-TAPS-Ceres,Block_ID,-1,-1;TRT_ID "TRT_ID" true true false 10 Long 0 10,First,#,2024_KSU-TAPS-Ceres,TRT_ID,-1,-1;Zone_No "Zone_No" true true false 5 Long 0 5,First,#,2024_KSU-TAPS-Ceres,Zone_No,-1,-1;Column "Column" true true false 10 Long 0 10,First,#,2024_KSU-TAPS-Ceres,Column,-1,-1;Plot_ID "Plot_ID" true true false 10 Long 0 10,First,#,2024_KSU-TAPS-Ceres,Plot_ID,-1,-1" #</Process><Process ToolSource="c:\program files\arcgis\pro\Resources\ArcToolbox\toolboxes\Data Management Tools.tbx\DeleteField" Date="20240916" Time="172026">DeleteField 2024_Colby_TAPS_Harvest_Area Column "Delete Fields"</Process><Process ToolSource="c:\program files\arcgis\pro\Resources\ArcToolbox\toolboxes\Data Management Tools.tbx\DeleteField" Date="20240916" Time="172031">DeleteField 2024_Colby_TAPS_Harvest_Area Zone_No "Delete Fields"</Process></lineage></DataProperties><SyncDate>20240916</SyncDate><SyncTime>17201300</SyncTime><ModDate>20240916</ModDate><ModTime>17201300</ModTime></Esri><dataIdInfo><envirDesc Sync="TRUE">Microsoft Windows 10 Version 10.0 (Build 22631) ; Esri ArcGIS 13.1.0.41833</envirDesc><dataLang><languageCode value="eng" Sync="TRUE"></languageCode><countryCode value="USA" Sync="TRUE"></countryCode></dataLang><idCitation><resTitle Sync="TRUE">2024_Colby_TAPS_Harvest_Area</resTitle><presForm><PresFormCd value="005" Sync="TRUE"></PresFormCd></presForm></idCitation><spatRpType><SpatRepTypCd value="001" Sync="TRUE"></SpatRepTypCd></spatRpType></dataIdInfo><mdLang><languageCode value="eng" Sync="TRUE"></languageCode><countryCode value="USA" Sync="TRUE"></countryCode></mdLang><mdChar><CharSetCd value="004" Sync="TRUE"></CharSetCd></mdChar><distInfo><distFormat><formatName Sync="TRUE">Shapefile</formatName></distFormat><distTranOps><transSize Sync="TRUE">0.000</transSize></distTranOps></distInfo><mdHrLv><ScopeCd value="005" Sync="TRUE"></ScopeCd></mdHrLv><mdHrLvName Sync="TRUE">dataset</mdHrLvName><refSysInfo><RefSystem><refSysID><identCode code="4326" Sync="TRUE"></identCode><idCodeSpace Sync="TRUE">EPSG</idCodeSpace><idVersion Sync="TRUE">6.2(3.0.1)</idVersion></refSysID></RefSystem></refSysInfo><spatRepInfo><VectSpatRep><geometObjs Name="2024_Colby_TAPS_Harvest_Area"><geoObjTyp><GeoObjTypCd value="002" Sync="TRUE"></GeoObjTypCd></geoObjTyp><geoObjCnt Sync="TRUE">0</geoObjCnt></geometObjs><topLvl><TopoLevCd value="001" Sync="TRUE"></TopoLevCd></topLvl></VectSpatRep></spatRepInfo><spdoinfo><ptvctinf><esriterm Name="2024_Colby_TAPS_Harvest_Area"><efeatyp Sync="TRUE">Simple</efeatyp><efeageom code="4" Sync="TRUE"></efeageom><esritopo Sync="TRUE">FALSE</esritopo><efeacnt Sync="TRUE">0</efeacnt><spindex Sync="TRUE">FALSE</spindex><linrefer Sync="TRUE">FALSE</linrefer></esriterm></ptvctinf></spdoinfo><eainfo><detailed Name="2024_Colby_TAPS_Harvest_Area"><enttyp><enttypl Sync="TRUE">2024_Colby_TAPS_Harvest_Area</enttypl><enttypt Sync="TRUE">Feature Class</enttypt><enttypc Sync="TRUE">0</enttypc></enttyp><attr><attrlabl Sync="TRUE">FID</attrlabl><attalias Sync="TRUE">FID</attalias><attrtype Sync="TRUE">OID</attrtype><attwidth Sync="TRUE">4</attwidth><atprecis Sync="TRUE">0</atprecis><attscale Sync="TRUE">0</attscale><attrdef Sync="TRUE">Internal feature number.</attrdef><attrdefs Sync="TRUE">Esri</attrdefs><attrdomv><udom Sync="TRUE">Sequential unique whole numbers that are automatically generated.</udom></attrdomv></attr><attr><attrlabl Sync="TRUE">Shape</attrlabl><attalias Sync="TRUE">Shape</attalias><attrtype Sync="TRUE">Geometry</attrtype><attwidth Sync="TRUE">0</attwidth><atprecis Sync="TRUE">0</atprecis><attscale Sync="TRUE">0</attscale><attrdef Sync="TRUE">Feature geometry.</attrdef><attrdefs Sync="TRUE">Esri</attrdefs><attrdomv><udom Sync="TRUE">Coordinates defining the features.</udom></attrdomv></attr><attr><attrlabl Sync="TRUE">Name</attrlabl><attalias Sync="TRUE">Name</attalias><attrtype Sync="TRUE">String</attrtype><attwidth Sync="TRUE">60</attwidth><atprecis Sync="TRUE">0</atprecis><attscale Sync="TRUE">0</attscale></attr><attr><attrlabl Sync="TRUE">Block_ID</attrlabl><attalias Sync="TRUE">Block_ID</attalias><attrtype Sync="TRUE">Integer</attrtype><attwidth Sync="TRUE">10</attwidth><atprecis Sync="TRUE">10</atprecis><attscale Sync="TRUE">0</attscale></attr><attr><attrlabl Sync="TRUE">TRT_ID</attrlabl><attalias Sync="TRUE">TRT_ID</attalias><attrtype Sync="TRUE">Integer</attrtype><attwidth Sync="TRUE">10</attwidth><atprecis Sync="TRUE">10</atprecis><attscale Sync="TRUE">0</attscale></attr><attr><attrlabl Sync="TRUE">Zone_No</attrlabl><attalias Sync="TRUE">Zone_No</attalias><attrtype Sync="TRUE">Integer</attrtype><attwidth Sync="TRUE">5</attwidth><atprecis Sync="TRUE">5</atprecis><attscale Sync="TRUE">0</attscale></attr><attr><attrlabl Sync="TRUE">Column</attrlabl><attalias Sync="TRUE">Column</attalias><attrtype Sync="TRUE">Integer</attrtype><attwidth Sync="TRUE">10</attwidth><atprecis Sync="TRUE">10</atprecis><attscale Sync="TRUE">0</attscale></attr><attr><attrlabl Sync="TRUE">Plot_ID</attrlabl><attalias Sync="TRUE">Plot_ID</attalias><attrtype Sync="TRUE">Integer</attrtype><attwidth Sync="TRUE">10</attwidth><atprecis Sync="TRUE">10</atprecis><attscale Sync="TRUE">0</attscale></attr></detailed></eainfo><mdDateSt Sync="TRUE">20240916</mdDateSt></metadata>
