<PAMDataset>
  <PAMRasterBand band="1">
    <Description>nir</Description>
    <Histograms>
      <HistItem>
        <HistMin>0.1641732305288315</HistMin>
        <HistMax>0.3492096066474915</HistMax>
        <BucketCount>256</BucketCount>
        <IncludeOutOfRange>1</IncludeOutOfRange>
        <Approximate>0</Approximate>
        <HistCounts>1|0|0|0|0|0|0|0|0|0|0|0|0|1|1|1|0|1|0|0|0|2|0|0|1|1|1|1|1|2|1|3|2|3|3|4|1|3|3|2|6|6|4|3|4|4|8|9|11|12|11|8|17|18|20|13|21|17|18|19|25|21|30|25|32|40|31|37|35|47|51|34|50|53|40|53|53|58|62|52|65|69|69|63|86|69|76|63|71|71|71|98|81|96|93|81|89|80|77|78|83|85|97|74|83|74|92|75|83|91|75|82|52|69|77|70|71|67|73|49|60|77|64|50|54|43|44|48|50|48|45|55|57|43|35|39|39|37|33|31|40|29|29|35|28|21|28|16|16|19|19|19|19|8|23|17|14|23|13|12|14|9|9|15|8|13|8|10|11|12|12|12|7|3|5|8|6|8|8|8|5|5|4|9|4|4|4|5|0|2|4|2|3|4|2|3|2|3|2|2|1|1|1|0|5|2|0|1|2|2|1|2|0|3|1|2|2|1|1|1|1|0|1|0|0|0|2|1|0|0|0|0|0|1|1|1|1|0|0|1|0|0|2|0|0|1|0|1|0|0|0|0|0|0|1|1</HistCounts>
      </HistItem>
    </Histograms>
    <Metadata>
      <MDI key="STATISTICS_COUNT">5845.000000</MDI>
      <MDI key="STATISTICS_EXCLUDEDVALUES"></MDI>
      <MDI key="STATISTICS_MAXIMUM">0.34920960664749</MDI>
      <MDI key="STATISTICS_MEAN">0.24076469549264</MDI>
      <MDI key="STATISTICS_MEDIAN">nan</MDI>
      <MDI key="STATISTICS_MINIMUM">0.16417323052883</MDI>
      <MDI key="STATISTICS_SKIPFACTORX">1</MDI>
      <MDI key="STATISTICS_SKIPFACTORY">1</MDI>
      <MDI key="STATISTICS_STDDEV">0.022192123939778</MDI>
    </Metadata>
  </PAMRasterBand>
</PAMDataset>
