<PAMDataset>
  <PAMRasterBand band="1">
    <Description>nir</Description>
    <Histograms>
      <HistItem>
        <HistMin>0.280371755361557</HistMin>
        <HistMax>0.7763122916221619</HistMax>
        <BucketCount>256</BucketCount>
        <IncludeOutOfRange>1</IncludeOutOfRange>
        <Approximate>0</Approximate>
        <HistCounts>1|0|2|1|0|0|0|0|0|0|0|3|0|0|1|1|1|0|0|0|0|0|2|0|1|1|2|3|0|0|0|3|1|4|0|2|0|2|3|2|0|2|2|1|2|3|3|1|2|1|2|1|1|3|1|2|3|6|1|5|6|2|1|2|4|8|8|4|5|7|3|4|5|10|12|8|2|12|7|8|2|8|8|13|8|8|15|7|11|11|12|16|15|10|12|12|14|16|17|14|22|16|21|19|20|25|23|28|31|18|16|19|16|28|24|30|16|23|21|22|30|30|36|37|34|30|32|26|36|27|38|24|44|37|35|45|26|36|38|52|52|44|36|54|54|46|33|42|55|42|43|48|47|48|43|45|49|48|63|55|63|55|68|56|60|55|49|42|52|50|54|60|55|58|45|58|60|53|65|61|52|63|64|59|67|62|49|63|43|46|46|49|58|60|58|56|40|49|63|39|43|41|52|44|33|34|33|30|41|48|37|42|36|29|19|29|28|23|30|26|22|23|25|24|19|24|25|14|18|22|15|23|17|9|9|16|15|13|11|10|15|12|9|9|6|5|4|7|4|2|4|4|1|1|0|2</HistCounts>
      </HistItem>
    </Histograms>
    <Metadata>
      <MDI key="STATISTICS_COUNT">5845.000000</MDI>
      <MDI key="STATISTICS_EXCLUDEDVALUES"></MDI>
      <MDI key="STATISTICS_MAXIMUM">0.77631229162216</MDI>
      <MDI key="STATISTICS_MEAN">0.59763824624114</MDI>
      <MDI key="STATISTICS_MEDIAN">nan</MDI>
      <MDI key="STATISTICS_MINIMUM">0.28037175536156</MDI>
      <MDI key="STATISTICS_SKIPFACTORX">1</MDI>
      <MDI key="STATISTICS_SKIPFACTORY">1</MDI>
      <MDI key="STATISTICS_STDDEV">0.080403709868639</MDI>
    </Metadata>
  </PAMRasterBand>
</PAMDataset>
