<PAMDataset>
  <PAMRasterBand band="1">
    <Description>nir</Description>
    <Histograms>
      <HistItem>
        <HistMin>0.3041926920413971</HistMin>
        <HistMax>0.7373021245002747</HistMax>
        <BucketCount>256</BucketCount>
        <IncludeOutOfRange>1</IncludeOutOfRange>
        <Approximate>0</Approximate>
        <HistCounts>1|1|0|0|0|0|0|0|1|0|0|0|0|2|0|0|1|0|1|1|2|0|0|1|0|0|1|1|1|0|2|0|1|2|0|3|0|2|4|3|5|3|3|2|5|4|5|0|5|7|1|6|5|8|5|3|7|4|9|5|3|8|5|8|9|9|8|11|5|6|7|11|13|16|8|16|19|17|13|15|9|14|17|15|16|16|17|28|24|19|24|27|28|30|20|27|26|20|18|23|21|22|27|23|31|29|22|31|24|28|37|30|29|42|29|34|33|36|39|31|51|41|32|50|40|44|32|43|56|47|57|49|57|49|54|54|52|51|54|50|51|49|71|52|47|64|56|70|60|58|60|57|49|50|58|46|56|55|58|55|43|49|54|45|35|57|62|50|46|66|43|60|41|42|39|42|44|43|53|34|45|46|47|37|43|36|43|28|33|36|36|39|36|38|22|38|36|36|23|29|23|27|28|24|30|25|24|19|29|24|17|28|16|28|23|14|18|25|19|29|17|20|16|16|9|10|11|7|9|10|5|10|12|6|7|13|8|9|6|8|6|9|2|7|3|3|6|2|4|4|2|3|6|0|1|2</HistCounts>
      </HistItem>
    </Histograms>
    <Metadata>
      <MDI key="STATISTICS_COUNT">5845.000000</MDI>
      <MDI key="STATISTICS_EXCLUDEDVALUES"></MDI>
      <MDI key="STATISTICS_MAXIMUM">0.73730212450027</MDI>
      <MDI key="STATISTICS_MEAN">0.55836980455038</MDI>
      <MDI key="STATISTICS_MEDIAN">nan</MDI>
      <MDI key="STATISTICS_MINIMUM">0.3041926920414</MDI>
      <MDI key="STATISTICS_SKIPFACTORX">1</MDI>
      <MDI key="STATISTICS_SKIPFACTORY">1</MDI>
      <MDI key="STATISTICS_STDDEV">0.071949680895903</MDI>
    </Metadata>
  </PAMRasterBand>
</PAMDataset>
