<PAMDataset>
  <PAMRasterBand band="1">
    <Description>nir</Description>
    <Histograms>
      <HistItem>
        <HistMin>0.1745002716779709</HistMin>
        <HistMax>0.3458795547485352</HistMax>
        <BucketCount>256</BucketCount>
        <IncludeOutOfRange>1</IncludeOutOfRange>
        <Approximate>0</Approximate>
        <HistCounts>1|0|1|3|1|2|2|2|2|1|1|1|3|2|4|5|4|5|8|5|12|12|7|13|14|24|8|9|20|13|12|13|20|20|20|18|26|34|23|42|29|29|28|41|47|41|34|51|62|70|69|67|62|98|86|65|78|93|81|93|97|103|90|104|95|107|93|100|106|102|97|114|129|103|103|94|115|97|101|102|84|96|90|100|69|71|68|80|75|62|68|56|58|48|44|58|48|44|41|35|36|40|25|37|34|27|20|28|27|29|27|20|10|16|16|15|21|20|10|15|11|9|8|12|10|15|14|10|13|11|12|11|7|11|12|10|5|6|6|8|8|9|8|3|10|7|4|3|6|7|3|8|6|2|4|7|2|4|3|1|1|3|7|2|1|3|1|2|2|1|0|1|2|0|0|2|0|2|2|1|3|2|2|1|1|3|2|3|2|0|1|0|3|1|1|0|1|1|1|1|0|1|1|0|0|1|0|0|0|1|1|0|0|0|0|2|1|0|0|0|0|0|2|1|0|1|1|1|1|0|0|0|0|0|0|0|0|0|0|2|1|0|0|0|0|0|0|0|0|0|0|0|0|0|1|1</HistCounts>
      </HistItem>
    </Histograms>
    <Metadata>
      <MDI key="STATISTICS_COUNT">5845.000000</MDI>
      <MDI key="STATISTICS_EXCLUDEDVALUES"></MDI>
      <MDI key="STATISTICS_MAXIMUM">0.34587955474854</MDI>
      <MDI key="STATISTICS_MEAN">0.22517959685077</MDI>
      <MDI key="STATISTICS_MEDIAN">nan</MDI>
      <MDI key="STATISTICS_MINIMUM">0.17450027167797</MDI>
      <MDI key="STATISTICS_SKIPFACTORX">1</MDI>
      <MDI key="STATISTICS_SKIPFACTORY">1</MDI>
      <MDI key="STATISTICS_STDDEV">0.01911852944645</MDI>
    </Metadata>
  </PAMRasterBand>
</PAMDataset>
