<PAMDataset>
  <PAMRasterBand band="1">
    <Description>nir</Description>
    <Histograms>
      <HistItem>
        <HistMin>0.3169743418693542</HistMin>
        <HistMax>0.8132992386817932</HistMax>
        <BucketCount>256</BucketCount>
        <IncludeOutOfRange>1</IncludeOutOfRange>
        <Approximate>0</Approximate>
        <HistCounts>2|1|0|0|0|0|0|0|0|1|0|0|1|1|0|0|2|0|0|0|0|2|0|0|1|2|0|1|1|1|1|1|0|1|3|1|4|0|0|1|3|2|1|3|2|0|1|4|2|1|4|2|0|3|4|3|3|3|1|3|5|5|4|1|4|8|8|6|5|8|3|6|6|7|8|5|10|3|4|6|9|7|7|4|8|3|2|4|8|6|4|5|6|6|7|6|6|3|5|3|4|5|7|6|7|2|4|8|13|5|8|9|7|5|9|6|5|9|9|9|8|8|9|9|14|8|15|11|10|10|14|12|13|15|13|16|14|21|17|18|20|20|26|18|21|33|21|22|22|22|23|35|21|37|30|24|22|24|31|38|34|43|47|34|44|51|39|50|38|32|48|49|39|49|33|51|50|54|57|49|58|51|53|39|69|63|60|43|54|51|58|55|68|59|65|53|71|62|65|62|69|71|63|70|71|87|73|71|66|89|66|73|62|79|83|73|68|70|74|66|84|79|75|57|82|83|58|49|65|43|59|43|42|41|32|29|33|32|29|16|18|21|15|16|12|10|15|6|2|3|3|2|0|0|0|1</HistCounts>
      </HistItem>
    </Histograms>
    <Metadata>
      <MDI key="STATISTICS_COUNT">5845.000000</MDI>
      <MDI key="STATISTICS_EXCLUDEDVALUES"></MDI>
      <MDI key="STATISTICS_MAXIMUM">0.81329923868179</MDI>
      <MDI key="STATISTICS_MEAN">0.67757146767412</MDI>
      <MDI key="STATISTICS_MEDIAN">nan</MDI>
      <MDI key="STATISTICS_MINIMUM">0.31697434186935</MDI>
      <MDI key="STATISTICS_SKIPFACTORX">1</MDI>
      <MDI key="STATISTICS_SKIPFACTORY">1</MDI>
      <MDI key="STATISTICS_STDDEV">0.079070489879444</MDI>
    </Metadata>
  </PAMRasterBand>
</PAMDataset>
