<PAMDataset>
  <PAMRasterBand band="1">
    <Description>nir</Description>
    <Histograms>
      <HistItem>
        <HistMin>0.3333333432674408</HistMin>
        <HistMax>0.8121465444564819</HistMax>
        <BucketCount>256</BucketCount>
        <IncludeOutOfRange>1</IncludeOutOfRange>
        <Approximate>0</Approximate>
        <HistCounts>1|0|0|0|0|0|0|0|0|1|0|1|0|1|0|0|3|2|0|2|0|1|1|1|0|1|0|1|0|3|4|2|1|0|1|0|1|2|0|0|0|0|0|1|4|1|0|2|1|3|3|2|3|1|4|5|6|3|3|3|2|5|4|3|2|2|6|2|6|9|3|4|4|3|1|7|5|9|4|9|6|7|3|3|8|5|6|5|8|4|9|5|7|9|7|6|4|6|3|8|2|4|8|7|10|4|4|5|6|4|6|10|5|4|8|9|4|5|5|5|7|6|4|10|4|7|4|12|13|9|10|12|4|11|17|10|9|11|17|17|20|23|15|13|16|22|21|21|30|19|21|30|25|25|30|23|29|22|30|28|32|44|45|42|32|43|47|41|42|36|36|45|33|42|55|33|53|37|48|54|57|50|52|47|44|63|51|63|63|68|57|52|66|55|65|55|60|64|65|57|64|44|64|65|76|81|69|75|74|95|94|101|74|84|105|81|89|88|92|82|75|95|83|75|70|63|57|60|58|60|50|59|58|55|40|28|24|26|23|18|15|19|14|15|11|13|6|7|4|4|3|4|1|4|0|1</HistCounts>
      </HistItem>
    </Histograms>
    <Metadata>
      <MDI key="STATISTICS_COUNT">5845.000000</MDI>
      <MDI key="STATISTICS_EXCLUDEDVALUES"></MDI>
      <MDI key="STATISTICS_MAXIMUM">0.81214654445648</MDI>
      <MDI key="STATISTICS_MEAN">0.68615567903931</MDI>
      <MDI key="STATISTICS_MEDIAN">nan</MDI>
      <MDI key="STATISTICS_MINIMUM">0.33333334326744</MDI>
      <MDI key="STATISTICS_SKIPFACTORX">1</MDI>
      <MDI key="STATISTICS_SKIPFACTORY">1</MDI>
      <MDI key="STATISTICS_STDDEV">0.074663280520538</MDI>
    </Metadata>
  </PAMRasterBand>
</PAMDataset>
