<PAMDataset>
  <PAMRasterBand band="1">
    <Description>nir</Description>
    <Histograms>
      <HistItem>
        <HistMin>0.3377739489078522</HistMin>
        <HistMax>0.8106832504272461</HistMax>
        <BucketCount>256</BucketCount>
        <IncludeOutOfRange>1</IncludeOutOfRange>
        <Approximate>0</Approximate>
        <HistCounts>1|0|0|1|0|0|0|1|0|0|0|0|0|0|0|0|0|0|0|0|0|1|2|0|0|0|0|1|1|0|1|2|1|2|0|1|3|0|0|2|1|3|3|0|2|2|2|4|1|2|1|1|3|3|2|4|1|3|2|0|4|6|3|3|1|3|4|4|4|4|3|5|13|6|5|2|2|3|5|4|3|6|7|6|4|8|4|7|6|11|5|8|4|5|2|8|2|3|3|8|2|5|4|9|3|3|7|3|2|6|8|3|6|6|3|8|7|6|7|8|5|4|6|7|6|7|6|8|8|9|14|9|5|6|6|8|6|5|12|4|8|9|13|11|10|10|10|16|12|23|11|11|11|13|14|19|20|23|24|22|19|27|29|17|22|33|32|35|29|28|37|29|37|35|46|27|42|33|39|37|44|42|45|53|44|53|43|65|57|43|76|58|57|54|76|55|60|68|71|72|77|81|78|78|70|65|72|68|64|91|64|71|93|75|87|97|102|76|91|85|88|74|77|92|89|100|85|77|83|84|70|77|68|55|61|65|63|56|65|44|39|33|35|29|26|18|14|8|7|8|4|2|1|1|1|1</HistCounts>
      </HistItem>
    </Histograms>
    <Metadata>
      <MDI key="STATISTICS_COUNT">5845.000000</MDI>
      <MDI key="STATISTICS_EXCLUDEDVALUES"></MDI>
      <MDI key="STATISTICS_MAXIMUM">0.81068325042725</MDI>
      <MDI key="STATISTICS_MEAN">0.69923571855008</MDI>
      <MDI key="STATISTICS_MEDIAN">nan</MDI>
      <MDI key="STATISTICS_MINIMUM">0.33777394890785</MDI>
      <MDI key="STATISTICS_SKIPFACTORX">1</MDI>
      <MDI key="STATISTICS_SKIPFACTORY">1</MDI>
      <MDI key="STATISTICS_STDDEV">0.072561440241054</MDI>
    </Metadata>
  </PAMRasterBand>
</PAMDataset>
