<PAMDataset>
  <PAMRasterBand band="1">
    <Description>nir</Description>
    <Histograms>
      <HistItem>
        <HistMin>0.2327166497707367</HistMin>
        <HistMax>0.5248998403549194</HistMax>
        <BucketCount>256</BucketCount>
        <IncludeOutOfRange>1</IncludeOutOfRange>
        <Approximate>0</Approximate>
        <HistCounts>1|0|0|0|0|0|1|0|0|0|0|1|0|0|0|4|2|1|0|1|2|0|2|2|2|1|3|1|1|1|4|3|2|1|3|4|2|1|0|1|4|2|3|8|5|6|10|8|6|4|7|7|5|12|6|11|10|19|14|18|9|18|10|20|23|13|19|18|26|14|21|24|28|34|27|26|31|26|37|35|34|36|43|34|37|46|47|38|46|46|53|57|44|65|59|54|53|49|61|61|56|49|57|55|69|66|55|62|59|60|59|68|50|62|67|65|56|63|76|64|78|68|52|68|56|50|61|54|53|46|55|57|49|51|47|55|61|41|58|62|60|53|52|50|59|49|53|50|44|41|39|44|45|50|37|45|31|32|31|28|47|45|38|25|32|27|34|22|32|21|21|19|13|24|22|25|25|10|25|21|20|24|18|16|14|13|5|14|12|18|12|26|14|14|14|13|6|12|9|11|9|7|10|14|8|7|9|6|11|2|4|5|9|6|3|2|5|6|1|2|1|3|3|4|2|4|1|2|0|0|2|0|1|2|1|1|1|1|0|1|1|1|0|0|1|1|0|0|0|0|1|0|0|0|3|1</HistCounts>
      </HistItem>
    </Histograms>
    <Metadata>
      <MDI key="STATISTICS_COUNT">5845.000000</MDI>
      <MDI key="STATISTICS_EXCLUDEDVALUES"></MDI>
      <MDI key="STATISTICS_MAXIMUM">0.52489984035492</MDI>
      <MDI key="STATISTICS_MEAN">0.37355363246618</MDI>
      <MDI key="STATISTICS_MEDIAN">nan</MDI>
      <MDI key="STATISTICS_MINIMUM">0.23271664977074</MDI>
      <MDI key="STATISTICS_SKIPFACTORX">1</MDI>
      <MDI key="STATISTICS_SKIPFACTORY">1</MDI>
      <MDI key="STATISTICS_STDDEV">0.042804418177752</MDI>
    </Metadata>
  </PAMRasterBand>
</PAMDataset>
