<PAMDataset>
  <PAMRasterBand band="1">
    <Description>nir</Description>
    <Histograms>
      <HistItem>
        <HistMin>0.1182438060641289</HistMin>
        <HistMax>0.3198801279067993</HistMax>
        <BucketCount>256</BucketCount>
        <IncludeOutOfRange>1</IncludeOutOfRange>
        <Approximate>0</Approximate>
        <HistCounts>1|0|0|0|0|0|0|0|1|0|0|0|1|2|0|2|0|1|1|3|0|0|1|1|0|1|2|2|3|4|5|1|4|6|3|7|1|6|8|8|10|11|11|11|17|22|19|15|15|18|29|25|20|28|29|30|36|27|42|50|36|58|41|47|46|51|52|64|65|78|72|79|83|82|82|78|72|71|90|92|92|104|119|97|92|93|111|104|107|96|120|106|112|110|104|102|113|99|85|99|77|76|80|89|83|65|68|66|59|64|61|46|48|52|50|47|42|42|41|25|30|23|22|36|28|29|19|27|22|25|19|19|22|21|15|21|16|9|13|17|11|10|12|11|11|8|11|8|7|6|6|12|9|4|4|8|7|5|5|7|4|10|3|7|2|5|2|4|4|6|1|0|3|0|3|3|2|4|2|2|4|4|1|1|2|1|4|1|3|2|1|3|0|1|2|2|4|4|1|1|1|1|0|0|2|1|0|1|0|0|0|0|0|0|1|0|0|2|0|0|1|0|0|0|0|1|1|0|1|0|0|0|0|0|0|0|0|0|0|0|0|0|1|0|0|0|0|0|0|0|0|0|0|1|0|1</HistCounts>
      </HistItem>
    </Histograms>
    <Metadata>
      <MDI key="STATISTICS_COUNT">5845.000000</MDI>
      <MDI key="STATISTICS_EXCLUDEDVALUES"></MDI>
      <MDI key="STATISTICS_MAXIMUM">0.3198801279068</MDI>
      <MDI key="STATISTICS_MEAN">0.19082196735617</MDI>
      <MDI key="STATISTICS_MEDIAN">nan</MDI>
      <MDI key="STATISTICS_MINIMUM">0.11824380606413</MDI>
      <MDI key="STATISTICS_SKIPFACTORX">1</MDI>
      <MDI key="STATISTICS_SKIPFACTORY">1</MDI>
      <MDI key="STATISTICS_STDDEV">0.021276346583439</MDI>
    </Metadata>
  </PAMRasterBand>
</PAMDataset>
