<?xml version="1.0" encoding="UTF-8"?>
<metadata xml:lang="en"><Esri><CreaDate>20241025</CreaDate><CreaTime>15392300</CreaTime><ArcGISFormat>1.0</ArcGISFormat><SyncOnce>FALSE</SyncOnce><DataProperties><itemProps><itemName Sync="TRUE">red_F4.tif</itemName><itemLocation><linkage Sync="TRUE">file://C:\Users\rgvjoshi\Downloads\Hackathon Datasets\Codes\NDVI calculation Planet\Planet dataset all\Output files\red_F4.tif</linkage><protocol Sync="TRUE">Local Area Network</protocol></itemLocation><imsContentType Sync="TRUE">002</imsContentType><nativeExtBox><westBL Sync="TRUE">322032.000000</westBL><eastBL Sync="TRUE">322242.000000</eastBL><southBL Sync="TRUE">4361526.000000</southBL><northBL Sync="TRUE">4361790.000000</northBL><exTypeCode Sync="TRUE">1</exTypeCode></nativeExtBox></itemProps><coordRef><type Sync="TRUE">Projected</type><geogcsn Sync="TRUE">GCS_WGS_1984</geogcsn><csUnits Sync="TRUE">Linear Unit: Meter (1.000000)</csUnits><projcsn Sync="TRUE">WGS_1984_UTM_Zone_14N</projcsn><peXml Sync="TRUE">&lt;ProjectedCoordinateSystem xsi:type='typens:ProjectedCoordinateSystem' xmlns:xsi='http://www.w3.org/2001/XMLSchema-instance' xmlns:xs='http://www.w3.org/2001/XMLSchema' xmlns:typens='http://www.esri.com/schemas/ArcGIS/3.2.0'&gt;&lt;WKT&gt;PROJCS[&amp;quot;WGS_1984_UTM_Zone_14N&amp;quot;,GEOGCS[&amp;quot;GCS_WGS_1984&amp;quot;,DATUM[&amp;quot;D_WGS_1984&amp;quot;,SPHEROID[&amp;quot;WGS_1984&amp;quot;,6378137.0,298.257223563]],PRIMEM[&amp;quot;Greenwich&amp;quot;,0.0],UNIT[&amp;quot;Degree&amp;quot;,0.0174532925199433]],PROJECTION[&amp;quot;Transverse_Mercator&amp;quot;],PARAMETER[&amp;quot;False_Easting&amp;quot;,500000.0],PARAMETER[&amp;quot;False_Northing&amp;quot;,0.0],PARAMETER[&amp;quot;Central_Meridian&amp;quot;,-99.0],PARAMETER[&amp;quot;Scale_Factor&amp;quot;,0.9996],PARAMETER[&amp;quot;Latitude_Of_Origin&amp;quot;,0.0],UNIT[&amp;quot;Meter&amp;quot;,1.0],AUTHORITY[&amp;quot;EPSG&amp;quot;,32614]]&lt;/WKT&gt;&lt;XOrigin&gt;-5120900&lt;/XOrigin&gt;&lt;YOrigin&gt;-9998100&lt;/YOrigin&gt;&lt;XYScale&gt;450445547.3910538&lt;/XYScale&gt;&lt;ZOrigin&gt;-100000&lt;/ZOrigin&gt;&lt;ZScale&gt;10000&lt;/ZScale&gt;&lt;MOrigin&gt;-100000&lt;/MOrigin&gt;&lt;MScale&gt;10000&lt;/MScale&gt;&lt;XYTolerance&gt;0.001&lt;/XYTolerance&gt;&lt;ZTolerance&gt;0.001&lt;/ZTolerance&gt;&lt;MTolerance&gt;0.001&lt;/MTolerance&gt;&lt;HighPrecision&gt;true&lt;/HighPrecision&gt;&lt;WKID&gt;32614&lt;/WKID&gt;&lt;LatestWKID&gt;32614&lt;/LatestWKID&gt;&lt;/ProjectedCoordinateSystem&gt;</peXml></coordRef><RasterProperties><General><PixelDepth Sync="TRUE">8</PixelDepth><HasColormap Sync="TRUE">FALSE</HasColormap><CompressionType Sync="TRUE">LZW</CompressionType><NumBands Sync="TRUE">1</NumBands><Format Sync="TRUE">TIFF</Format><HasPyramids Sync="TRUE">TRUE</HasPyramids><SourceType Sync="TRUE">continuous</SourceType><PixelType Sync="TRUE">unsigned integer</PixelType><NoDataValue Sync="TRUE">256</NoDataValue></General></RasterProperties><lineage><Process ToolSource="c:\program files\arcgis\pro\Resources\ArcToolbox\toolboxes\Data Management Tools.tbx\CopyRaster" Date="20241025" Time="153923">CopyRaster red_layer "C:\Users\rgvjoshi\Downloads\Hackathon Datasets\Codes\NDVI calculation Planet\Planet dataset all\Output files\red_F4.tif" # # 256 NONE NONE # NONE NONE "TIFF format" NONE CURRENT_SLICE NO_TRANSPOSE</Process></lineage></DataProperties><SyncDate>20241025</SyncDate><SyncTime>15392300</SyncTime><ModDate>20241025</ModDate><ModTime>15392300</ModTime></Esri><dataIdInfo><envirDesc Sync="TRUE">Microsoft Windows 10 Version 10.0 (Build 26100) ; Esri ArcGIS 13.2.2.49743</envirDesc><dataLang><languageCode value="eng" Sync="TRUE"></languageCode><countryCode value="USA" Sync="TRUE"></countryCode></dataLang><idCitation><resTitle Sync="TRUE">red_F4.tif</resTitle><presForm><PresFormCd value="005" Sync="TRUE"></PresFormCd></presForm></idCitation><spatRpType><SpatRepTypCd value="002" Sync="TRUE"></SpatRepTypCd></spatRpType><dataExt><geoEle><GeoBndBox esriExtentType="search"><exTypeCode Sync="TRUE">1</exTypeCode><westBL Sync="TRUE">-101.066478</westBL><eastBL Sync="TRUE">-101.063971</eastBL><northBL Sync="TRUE">39.387306</northBL><southBL Sync="TRUE">39.384885</southBL></GeoBndBox></geoEle></dataExt></dataIdInfo><mdLang><languageCode value="eng" Sync="TRUE"></languageCode><countryCode value="USA" Sync="TRUE"></countryCode></mdLang><mdChar><CharSetCd value="004" Sync="TRUE"></CharSetCd></mdChar><distInfo><distFormat><formatName Sync="TRUE">Raster Dataset</formatName></distFormat></distInfo><mdHrLv><ScopeCd value="005" Sync="TRUE"></ScopeCd></mdHrLv><mdHrLvName Sync="TRUE">dataset</mdHrLvName><refSysInfo><RefSystem><refSysID><identCode code="32614" Sync="TRUE"></identCode><idCodeSpace Sync="TRUE">EPSG</idCodeSpace><idVersion Sync="TRUE">9.8.8(3.0.1)</idVersion></refSysID></RefSystem></refSysInfo><spatRepInfo><Georect><cellGeo><CellGeoCd Sync="TRUE" value="002"></CellGeoCd></cellGeo><numDims Sync="TRUE">2</numDims><tranParaAv Sync="TRUE">1</tranParaAv><chkPtAv Sync="TRUE">0</chkPtAv><cornerPts><pos Sync="TRUE">322032.000000 4361526.000000</pos></cornerPts><cornerPts><pos Sync="TRUE">322032.000000 4361790.000000</pos></cornerPts><cornerPts><pos Sync="TRUE">322242.000000 4361790.000000</pos></cornerPts><cornerPts><pos Sync="TRUE">322242.000000 4361526.000000</pos></cornerPts><centerPt><pos Sync="TRUE">322137.000000 4361658.000000</pos></centerPt><axisDimension type="002"><dimSize Sync="TRUE">70</dimSize><dimResol><value Sync="TRUE" uom="m">3.000000</value></dimResol></axisDimension><axisDimension type="001"><dimSize Sync="TRUE">88</dimSize><dimResol><value Sync="TRUE" uom="m">3.000000</value></dimResol></axisDimension><ptInPixel><PixOrientCd Sync="TRUE" value="001"></PixOrientCd></ptInPixel></Georect></spatRepInfo><contInfo><ImgDesc><contentTyp><ContentTypCd Sync="TRUE" value="001"></ContentTypCd></contentTyp><covDim><Band><dimDescrp Sync="TRUE">cloud</dimDescrp><bitsPerVal Sync="TRUE">8</bitsPerVal><valUnit><UOM type="length"></UOM></valUnit></Band></covDim></ImgDesc></contInfo><mdDateSt Sync="TRUE">20241025</mdDateSt></metadata>
