<?xml version="1.0" encoding="UTF-8"?>
<metadata xml:lang="en"><Esri><CreaDate>20241026</CreaDate><CreaTime>20240100</CreaTime><ArcGISFormat>1.0</ArcGISFormat><SyncOnce>TRUE</SyncOnce><DataProperties><lineage><Process ToolSource="c:\program files\arcgis\pro\Resources\ArcToolbox\toolboxes\Conversion Tools.tbx\RasterToPoint" Date="20241026" Time="202401">RasterToPoint "C:\Users\rgvjoshi\Downloads\Hackathon Datasets\Codes\NDVI calculation Planet\Planet dataset all\Output files\20240508_NDVI.tif" "C:\Users\rgvjoshi\Downloads\Hackathon Datasets\Codes\NDVI calculation Planet\Planet dataset all\Output files\Raster to points to polygons\20240508_NDVI_points.shp" VALUE</Process></lineage></DataProperties></Esri></metadata>
