{
    "id": "20240706_174127_52_24aa",
    "type": "Feature",
    "geometry": {
        "type": "Polygon",
        "coordinates": [
            [
                [
                    -101.06639789,
                    39.38495273
                ],
                [
                    -101.06639789,
                    39.38723832
                ],
                [
                    -101.06405297,
                    39.38723832
                ],
                [
                    -101.06405297,
                    39.38495273
                ],
                [
                    -101.06639789,
                    39.38495273
                ]
            ]
        ]
    },
    "properties": {
        "acquired": "2024-07-06T17:41:27.526335Z",
        "anomalous_pixels": 0,
        "clear_confidence_percent": 98,
        "clear_percent": 100,
        "cloud_cover": 0.0,
        "cloud_percent": 0,
        "ground_control": true,
        "gsd": 3.8,
        "heavy_haze_percent": 0,
        "instrument": "PSB.SD",
        "item_type": "PSScene",
        "light_haze_percent": 0,
        "pixel_resolution": 3,
        "provider": "planetscope",
        "published": "2024-07-07T09:31:38Z",
        "publishing_stage": "finalized",
        "quality_category": "standard",
        "satellite_azimuth": 268.2,
        "satellite_id": "24aa",
        "shadow_percent": 0,
        "snow_ice_percent": 0,
        "strip_id": "7423183",
        "sun_azimuth": 134,
        "sun_elevation": 67.8,
        "updated": "2024-07-07T15:57:56Z",
        "view_angle": 0.9,
        "visible_confidence_percent": 98,
        "visible_percent": 100
    }
}