{
    "id": "20240913_174557_87_2515",
    "type": "Feature",
    "geometry": {
        "type": "Polygon",
        "coordinates": [
            [
                [
                    -101.06639789,
                    39.38495273
                ],
                [
                    -101.06639789,
                    39.38723832
                ],
                [
                    -101.06405297,
                    39.38723832
                ],
                [
                    -101.06405297,
                    39.38495273
                ],
                [
                    -101.06639789,
                    39.38495273
                ]
            ]
        ]
    },
    "properties": {
        "acquired": "2024-09-13T17:45:57.871769Z",
        "anomalous_pixels": 0,
        "clear_confidence_percent": 98,
        "clear_percent": 100,
        "cloud_cover": 0.0,
        "cloud_percent": 0,
        "ground_control": true,
        "gsd": 4,
        "heavy_haze_percent": 0,
        "instrument": "PSB.SD",
        "item_type": "PSScene",
        "light_haze_percent": 0,
        "pixel_resolution": 3,
        "provider": "planetscope",
        "published": "2024-10-09T19:02:57Z",
        "publishing_stage": "finalized",
        "quality_category": "standard",
        "satellite_azimuth": 101.7,
        "satellite_id": "2515",
        "shadow_percent": 0,
        "snow_ice_percent": 0,
        "strip_id": "7576215",
        "sun_azimuth": 158.3,
        "sun_elevation": 52.1,
        "updated": "2024-10-09T19:02:57Z",
        "view_angle": 4.8,
        "visible_confidence_percent": 98,
        "visible_percent": 100
    }
}