{
    "id": "20240906_174909_16_24dc",
    "type": "Feature",
    "geometry": {
        "type": "Polygon",
        "coordinates": [
            [
                [
                    -101.06639789,
                    39.38495273
                ],
                [
                    -101.06639789,
                    39.38723832
                ],
                [
                    -101.06405297,
                    39.38723832
                ],
                [
                    -101.06405297,
                    39.38495273
                ],
                [
                    -101.06639789,
                    39.38495273
                ]
            ]
        ]
    },
    "properties": {
        "acquired": "2024-09-06T17:49:09.169433Z",
        "anomalous_pixels": 0,
        "clear_confidence_percent": 99,
        "clear_percent": 100,
        "cloud_cover": 0.0,
        "cloud_percent": 0,
        "ground_control": true,
        "gsd": 3.9,
        "heavy_haze_percent": 0,
        "instrument": "PSB.SD",
        "item_type": "PSScene",
        "light_haze_percent": 0,
        "pixel_resolution": 3,
        "provider": "planetscope",
        "published": "2024-10-09T20:52:49Z",
        "publishing_stage": "finalized",
        "quality_category": "standard",
        "satellite_azimuth": 278.2,
        "satellite_id": "24dc",
        "shadow_percent": 0,
        "snow_ice_percent": 0,
        "strip_id": "7560296",
        "sun_azimuth": 156.1,
        "sun_elevation": 54.5,
        "updated": "2024-10-09T20:52:49Z",
        "view_angle": 5.1,
        "visible_confidence_percent": 99,
        "visible_percent": 100
    }
}