{
    "id": "20240820_165103_68_24bf",
    "type": "Feature",
    "geometry": {
        "type": "Polygon",
        "coordinates": [
            [
                [
                    -101.06639789,
                    39.38495273
                ],
                [
                    -101.06639789,
                    39.38723832
                ],
                [
                    -101.06405297,
                    39.38723832
                ],
                [
                    -101.06405297,
                    39.38495273
                ],
                [
                    -101.06639789,
                    39.38495273
                ]
            ]
        ]
    },
    "properties": {
        "acquired": "2024-08-20T16:51:03.687215Z",
        "anomalous_pixels": 0,
        "clear_confidence_percent": 98,
        "clear_percent": 100,
        "cloud_cover": 0.0,
        "cloud_percent": 0,
        "ground_control": true,
        "gsd": 3.7,
        "heavy_haze_percent": 0,
        "instrument": "PSB.SD",
        "item_type": "PSScene",
        "light_haze_percent": 0,
        "pixel_resolution": 3,
        "provider": "planetscope",
        "published": "2024-08-21T03:08:02Z",
        "publishing_stage": "finalized",
        "quality_category": "standard",
        "satellite_azimuth": 102.7,
        "satellite_id": "24bf",
        "shadow_percent": 0,
        "snow_ice_percent": 0,
        "strip_id": "7521352",
        "sun_azimuth": 128.9,
        "sun_elevation": 52.8,
        "updated": "2024-08-21T09:10:06Z",
        "view_angle": 2.5,
        "visible_confidence_percent": 98,
        "visible_percent": 100
    }
}