{
    "id": "20240930_165749_31_24b4",
    "type": "Feature",
    "geometry": {
        "type": "Polygon",
        "coordinates": [
            [
                [
                    -101.06639789,
                    39.38495273
                ],
                [
                    -101.06639789,
                    39.38723832
                ],
                [
                    -101.06405297,
                    39.38723832
                ],
                [
                    -101.06405297,
                    39.38495273
                ],
                [
                    -101.06639789,
                    39.38495273
                ]
            ]
        ]
    },
    "properties": {
        "acquired": "2024-09-30T16:57:49.310552Z",
        "anomalous_pixels": 0,
        "clear_confidence_percent": 95,
        "clear_percent": 100,
        "cloud_cover": 0.0,
        "cloud_percent": 0,
        "ground_control": true,
        "gsd": 3.5,
        "heavy_haze_percent": 0,
        "instrument": "PSB.SD",
        "item_type": "PSScene",
        "light_haze_percent": 0,
        "pixel_resolution": 3,
        "provider": "planetscope",
        "published": "2024-10-01T00:40:26Z",
        "publishing_stage": "finalized",
        "quality_category": "standard",
        "satellite_azimuth": 277.1,
        "satellite_id": "24b4",
        "shadow_percent": 0,
        "snow_ice_percent": 0,
        "strip_id": "7609071",
        "sun_azimuth": 146.2,
        "sun_elevation": 41.8,
        "updated": "2024-10-01T09:57:22Z",
        "view_angle": 4.2,
        "visible_confidence_percent": 95,
        "visible_percent": 100
    }
}