{
    "id": "20240623_164930_20_24b4",
    "type": "Feature",
    "geometry": {
        "type": "Polygon",
        "coordinates": [
            [
                [
                    -101.06639789,
                    39.38495273
                ],
                [
                    -101.06639789,
                    39.38723832
                ],
                [
                    -101.06405297,
                    39.38723832
                ],
                [
                    -101.06405297,
                    39.38495273
                ],
                [
                    -101.06639789,
                    39.38495273
                ]
            ]
        ]
    },
    "properties": {
        "acquired": "2024-06-23T16:49:30.202805Z",
        "anomalous_pixels": 0,
        "clear_confidence_percent": 94,
        "clear_percent": 100,
        "cloud_cover": 0.0,
        "cloud_percent": 0,
        "ground_control": true,
        "gsd": 3.6,
        "heavy_haze_percent": 0,
        "instrument": "PSB.SD",
        "item_type": "PSScene",
        "light_haze_percent": 0,
        "pixel_resolution": 3,
        "provider": "planetscope",
        "published": "2024-06-24T00:40:04Z",
        "publishing_stage": "finalized",
        "quality_category": "standard",
        "satellite_azimuth": 104.9,
        "satellite_id": "24b4",
        "shadow_percent": 0,
        "snow_ice_percent": 0,
        "strip_id": "7393225",
        "sun_azimuth": 114.2,
        "sun_elevation": 60.6,
        "updated": "2024-06-24T09:57:52Z",
        "view_angle": 1.9,
        "visible_confidence_percent": 94,
        "visible_percent": 100
    }
}