{
    "id": "20240906_174105_79_24f9",
    "type": "Feature",
    "geometry": {
        "type": "Polygon",
        "coordinates": [
            [
                [
                    -101.06639789,
                    39.38495273
                ],
                [
                    -101.06639789,
                    39.38723832
                ],
                [
                    -101.06405297,
                    39.38723832
                ],
                [
                    -101.06405297,
                    39.38495273
                ],
                [
                    -101.06639789,
                    39.38495273
                ]
            ]
        ]
    },
    "properties": {
        "acquired": "2024-09-06T17:41:05.792387Z",
        "anomalous_pixels": 0,
        "clear_confidence_percent": 99,
        "clear_percent": 100,
        "cloud_cover": 0.0,
        "cloud_percent": 0,
        "ground_control": true,
        "gsd": 3.9,
        "heavy_haze_percent": 0,
        "instrument": "PSB.SD",
        "item_type": "PSScene",
        "light_haze_percent": 0,
        "pixel_resolution": 3,
        "provider": "planetscope",
        "published": "2024-09-07T08:46:33Z",
        "publishing_stage": "finalized",
        "quality_category": "standard",
        "satellite_azimuth": 103,
        "satellite_id": "24f9",
        "shadow_percent": 0,
        "snow_ice_percent": 0,
        "strip_id": "7561121",
        "sun_azimuth": 153.9,
        "sun_elevation": 54.1,
        "updated": "2024-09-07T15:17:19Z",
        "view_angle": 2.7,
        "visible_confidence_percent": 99,
        "visible_percent": 100
    }
}